"samples","site.name","sample.name","series","year","campaign","julian.day","sampling.date","sample.type","soil.type","lat","long","km.hq","flow.distance","position","depth","depth.satellite","secchi","width","elevation","elevation.gis","flow.accumulation.max","velocity.drifting.est","velocity.drifting.calc","discharge.daily.hq","velocity.daily","discharge.camp.hq","velocity.camp","velocity.stream","discharge.calc","Seepage.meters.Q","strahler.stream.order","slope","distance.to.water.body","distance.from.mouth","catchment.area","atm.pressure.ysi","temp.water.ysi","do.perc.ysi","do.cor.perc.ysi","do.conc.ysi","cond.ysi","ph.ysi","alkalinity","wind.max.kestrel","wind.avg.kestrel","temp.air.kestrel","humidity.rel.kestrel","pressure.atm.kestrel","bact.abundance","bact.abundance.se","bact.production","chla","chla.se","TP","TP.se","TN","TN.se","NH4","NH4.se","NOx","NOx.se","NO2","NO2.se","NO3","NO3.se","Fe","DOC","DOC.se","DIC","DIC.se","lability","lability.se","photodegradability.conc","photodegradability.perc","C1","C2","C3","C4","C5","C6","CDOM","pco2.headspace","pco2.headspace.se","pch4.headspace","pch4.headspace.se","pco2.headspace.pic","pco2.headspace.pic.se","pch4.headspace.pic","pch4.headspace.pic.se","pn2o.headspace","pn2o.headspace.se","flux.co2","flux.ch4","kco2.flux","kch4.flux","k600","kch4.k600","Rn","Rn.se","d13C.co2","d13C.co2.se","d13C.ch4","d13C.ch4.se","d2H.h2o","dO18.h2o","dO17.h2o","d13C.DOC","d13C.DIC","POM.PIM","POM.PIM.se","POM","PIM","POM.N.perc","POM.C.perc","POC","d13C.POM","Comments","sample.type.year","Season"
"L328.1",NA,"L328_1","L",2016,1,164,"2016-06-12","Lake",NA,50.57727,-63.46136,NA,NA,NA,"67.099999999999994",NA,NA,NA,NA,NA,NA,NA,NA,NA,NA,NA,NA,NA,NA,NA,NA,NA,NA,47.4842527545016,1.164532461488,743.6,6.77,95.8,106.160623368806,12.68,33,5.93,30.0498864905761,4.7,3.9,18.2,54.1,1002.3,715750,4750,0.805279345697113,0.594425,0.019174999999998,5.10491195456803,0.339805191876726,0.310994,NA,17.1689435,0.028791499999577,NA,NA,NA,NA,NA,NA,30.519,5.4133487007544,0.0843461860855058,0.905280804694049,0.012573344509635,NA,NA,NA,NA,"0.129477930893171",0.0724755497931909,0.0815902674598844,0.0524401397656824,0.0145667642879991,NA,2.87875,863.789215673001,1.48476893262085,10.0602601230376,0.0507948028158056,685.496698951433,20.9306090358731,7.18466590710733,0.276756674881701,NA,NA,234.930302152634,0.170072124494877,8.57722405745827,9.95986650841558,12.4143845522859,14.4492665075424,12.1635584996873,15.5932486834802,-19.0487196763433,0.371961502662156,-68.724008011067,6.52563682697783,-75.367182,-11.065578,NA,-27.04,-17.19,NA,NA,NA,NA,NA,NA,NA,NA,NA,"Lake","Spring"
"L328.2",NA,"L328_2","L",2016,1,164,"2016-06-12","Lake",NA,50.46541,-63.57906,NA,NA,NA,"25.6",NA,NA,NA,NA,NA,NA,NA,NA,NA,NA,NA,NA,NA,NA,NA,NA,NA,NA,31.2943275828701,3.648938403594,744.3,9.5,98.9,109.048163615515,12.2,26,5.97,1.70461286867191,2.7,1.2,17.8,48.7,1003.4,NA,NA,NA,0.986142857142857,0.164357142857143,4.62918468594061,NA,0.2760845,0.0053745,NA,NA,NA,NA,NA,NA,NA,NA,27.207,5.65381391450126,0.0628667225481783,0.773784576697401,0.0225272422464355,NA,NA,NA,NA,"0.127137776567123",0.0678614001975629,0.0802941804308889,0.0531061127857158,0.019607176464704,NA,2.7636,739.102939317198,26.0967912573851,7.61094651772697,0.0851025898311177,586.688802328994,17.3154960740127,5.22367161691499,0.156791537666285,NA,NA,217.772648749419,0.152788982378864,12.0438514367915,13.4639277330065,17.6588068206345,19.8686767354624,NA,NA,-16.8056972402891,0.211082934835346,-64.4196082305327,1.19399999700457,-74.627719,-10.898521,NA,-27,-17.12,NA,NA,NA,NA,NA,NA,NA,NA,NA,"Lake","Spring"
"L329.1",NA,"L329_1","L",2016,1,164,"2016-06-12","Lake",NA,50.5621,-63.30718,NA,NA,NA,"36.6",NA,NA,NA,NA,NA,NA,NA,NA,NA,NA,NA,NA,NA,NA,NA,NA,NA,NA,60.4560903103175,0.413161971277,746.5,10,97,98.745338933402,10.95,11,5.66,-2.98804827556988,2.4,1.6,19.8,48.7,1006.2,NA,NA,NA,0.986142857142857,0.273928571428572,8.23111971983391,1.29125972913156,0.203135,NA,NA,NA,NA,NA,NA,NA,NA,NA,155.042,6.30919949706622,0.0183361274099999,0.764354568315172,0.000523889354533539,NA,NA,NA,NA,"0.154903781152005",0.0778711040750361,0.0966850731465229,0.0560377641779139,0.0195068799571225,NA,3.33935,909.00766206067,1.97392466601218,18.7400960370433,0.169989991798767,770.484646012746,9.01193005506762,14.6725733645074,0.276818430516767,NA,NA,139.005129920607,0.197823618939036,5.16859009881974,5.92389983542242,7.42912415094022,8.57511014016673,NA,NA,-19.3563861441941,0.120722621627366,-57.7545519588339,0.484397146423182,-77.193049,-11.311333,NA,-27.58,-20.1,NA,NA,NA,NA,NA,NA,NA,NA,NA,"Lake","Spring"
"L329.2",NA,"L329_2","L",2016,1,164,"2016-06-12","Lake",NA,50.47179,-63.42405,NA,NA,NA,"7.9",NA,NA,NA,NA,NA,NA,NA,NA,NA,NA,NA,NA,NA,NA,NA,NA,NA,NA,45.8717873594184,5.105645663734,746.1,7.8,92.7,99.5436735959714,11.63,13,5.76,-5.16176546929096,1.9,1.4,17.8,47.5,1005.7,898000,4500,0.801119844944547,0.547857142857143,0.109571428571429,6.39617168369959,NA,0.229455,0.019227,8.479074,NA,NA,NA,NA,NA,NA,NA,69.767,5.42068315171836,0.0277661357919849,0.772736797988265,0.00995389773679531,NA,NA,NA,NA,"0.138835752198621",0.0729245893504981,0.085834496653245,0.0492781048898857,0.0222382661950609,NA,2.7636,812.060657187627,13.4269165108573,5.76893576732074,0.0493520830509828,725.796121891637,10.9518235682867,5.66280350610735,0.224191143022539,NA,NA,97.9463484564802,0.0318224504749563,4.18399007879131,3.88899206597945,6.56876485040331,6.13235553161632,13.8446607836092,21.3629791116427,-19.1616389359296,0.122364836749246,-61.1107813942172,2.27862372838106,-75.592572,-11.138946,NA,-27.37,-18.58,NA,NA,NA,NA,NA,NA,NA,NA,NA,"Lake","Spring"
"L330_C1",NA,"L330_C1","L",2016,1,165,"2016-06-13","Lake",NA,NA,NA,NA,NA,NA,NA,NA,NA,NA,NA,NA,NA,NA,NA,NA,NA,NA,NA,NA,NA,NA,NA,NA,NA,NA,NA,NA,NA,NA,NA,NA,NA,NA,1.7336599551436,NA,NA,NA,NA,NA,717937.5,937.5,3.12473828410083,1.49565,0.191749999999999,8.77480802683668,0.339805191876731,0.2235645,0.0116345,NA,NA,NA,NA,NA,NA,NA,NA,NA,3.87625733445096,0.0591994970662114,0.571039396479464,0.0167644593461842,NA,NA,NA,NA,"0.0881480195417343",0.0577327025618426,0.0574295073601433,0.0335617961284786,0.0225969882156211,NA,1.26665,NA,NA,NA,NA,NA,NA,NA,NA,NA,NA,NA,NA,NA,NA,NA,NA,NA,NA,NA,NA,NA,NA,-92.526663,-13.330828,NA,-26.66,-18.48,NA,NA,NA,NA,NA,NA,NA,NA,NA,"Lake","Spring"
"LR49",NA,"LR49","LR",2016,1,154,"2016-06-02","HeadwaterLakes",NA,52.35835,-63.9938,368.342529297,NA,"lac Brulé","2.5",NA,NA,NA,NA,NA,NA,NA,NA,NA,NA,NA,NA,NA,NA,NA,NA,NA,NA,366.267412747084,26.718312402947,726.5,7.9,100.1,104.679886014207,11.88,10,6.2,15.7880418156721,4,2.3,9,96.8,NA,1006250,9916.66666666663,1.2066711683199,1.2272,0,10.813639178097,1.56310388263294,0.3722825,0.0557804999999999,NA,NA,NA,NA,NA,NA,NA,NA,231.749,6.34077916578446,0.0651069235655749,1.18833368621639,0.000529324581824903,NA,NA,NA,NA,"0.137233458287027",0.0820675792530375,0.078059927338514,0.0647791282885448,0.0347027279079569,NA,3.9151,733.623811378271,1.85044461786862,39.4895720689514,0.339249642140125,610.068709302617,11.4299269260614,34.0836239997518,1.04515100780216,NA,NA,60.3493326257396,0.325493254820219,3.21009266559096,4.21662704218974,5.01938337689865,6.62290167558044,33.1784031914062,31.4994942496887,-17.9560457478929,0.170979339898747,-66.1813417001848,1.12043840705851,-115.950348,-15.888529,NA,-26.8,-15,NA,NA,NA,NA,NA,NA,NA,NA,NA,"Riverine Lakes","Spring"
"LR50",NA,"LR50","LR",2016,1,154,"2016-06-02","HeadwaterLakes",NA,52.12788,-63.70666,332.620452881,NA,"lac Laudière","8.5",NA,NA,NA,NA,NA,NA,NA,NA,NA,NA,NA,NA,NA,NA,NA,NA,NA,NA,329.69051839199,41.546014161003,725.5,6.24,90.5,94.5848933605189,11.17,11,6.28,36.8951844795471,2.4,1.9,11.8,95.9,NA,1135800,11000,0.299484054184877,0.9204,0,9.38645737221479,0.135922076750636,0.189341,NA,NA,NA,NA,NA,NA,NA,NA,NA,306.057,6.29155197967394,0.0846919330933688,1.54827440186322,0.0153504128731681,NA,NA,NA,NA,"0.142124498183674",0.0881539252197351,0.0801450851743758,0.0634602792892908,0.0278629273880832,NA,4.3757,1063.87289929118,3.76663958513166,44.3759383728552,0.606845748002364,869.108290224178,8.72263229394129,40.4851248445475,0.245347652213305,NA,NA,176.882091717021,0.465998653476966,4.40329729976362,5.06417978997889,7.36722248962143,8.49391269149811,28.2121671795693,28.8943821621407,-20.9348539811712,0.131042221555849,-63.1548917482026,0.247386266210913,-116.067561,-15.963044,NA,-26.93,-17.95,NA,NA,NA,NA,NA,NA,NA,NA,NA,"Riverine Lakes","Spring"
"LR51",NA,"LR51","LR",2016,1,154,"2016-06-02","HeadwaterLakes",NA,52.05113,-63.70082,321.865356445,NA,"lac Anderson","7.6",NA,NA,NA,NA,NA,NA,NA,NA,NA,NA,NA,NA,NA,NA,NA,NA,NA,NA,320.487866413227,57.645428909365,724.9,6.29,90.8,95.4611870365366,11.25,11,6.4,36.401460861615,2.4,1.8,13,95.3,NA,1343500,8000,1.77707737152202,1.0738,0,8.16315868145857,0.271844153501377,0.242597,0.013654,7.348391,NA,NA,NA,NA,NA,NA,NA,316.142,6.4958712682617,0.00846919330919845,1.41700190556849,0.000529324581405417,NA,NA,NA,NA,"0.145924113426101",0.0901788077019207,0.0893294083482779,0.0692942921059827,0.0280046258609139,NA,3.9151,960.856301558482,1.37608238848247,33.4594341372734,0.0793946127832399,780.147647940319,22.7305486264081,28.5660957886831,1.35610303097651,NA,NA,149.928846550786,0.360012907875143,4.43570977205518,5.29243644561376,7.40625800082839,8.85911852844025,29.8568367970704,24.9676305810994,-20.1625955189581,0.149974964727826,-62.2744520391844,0.777407688815809,-113.219225,-15.42763,NA,-26.79,-15.96,NA,NA,NA,NA,NA,NA,NA,NA,NA,"Riverine Lakes","Spring"
"LR52",NA,"LR52","LR",2016,1,155,"2016-06-03","HeadwaterLakes",NA,52.0863,-63.83093,310.275817871,NA,"lac","8.8000000000000007",NA,NA,NA,NA,NA,NA,NA,NA,NA,NA,NA,NA,NA,NA,NA,NA,NA,NA,309.390150968044,58.213853773526,723.6,6.01,37.8,39.587474418278,4.69,12,5.96,NA,5.6,4.2,9.4,63.9,972.5,1161600,9200,0.943929370782705,1.2272,0.3068,10.3379119094696,NA,0.1930965,0.00464150000000001,NA,NA,NA,NA,NA,NA,NA,NA,204.871,6.41753123015033,0.0307008257462494,1.6393182299386,0.0291128520008502,NA,NA,NA,NA,"0.145447030248032",0.0897404516559838,0.092358788142323,0.0662638011411692,0.0236689687968793,NA,3.6848,1109.34228676192,13.455088208979,29.8702712826811,0.132007404515541,920.300221727053,7.19213528769127,24.2518096620815,0.98161154379507,NA,NA,177.205520473003,0.298614889790337,4.09121590940187,4.89586266975678,6.06135636645204,7.26542314412269,19.9245185661883,19.2062958061832,-20.9910778645052,0.270286378722055,-57.6447420326768,0.885484521684969,-112.669648,-15.377463,NA,-27.56,-17.19,NA,NA,NA,NA,NA,NA,NA,NA,NA,"Riverine Lakes","Spring"
"LR53",NA,"LR53","LR",2016,1,155,"2016-06-03","River",NA,52.05905,-63.84372,306.602600098,NA,"middle","11.9",NA,NA,NA,NA,NA,NA,NA,NA,NA,NA,NA,NA,NA,NA,NA,NA,NA,NA,306.227878275683,62.035169058225,724.3,5.94,70.8,75.170458415752,8.93,12,6.31,NA,3.8,2.8,8.9,67.5,973.9,1164600,13200,1.41589405617406,1.2272,NA,8.70684698846133,0.679610383753442,0.2258425,0.0167445,25.9373535,3.41815750000001,NA,NA,NA,NA,NA,NA,339.768,6.51492695320771,0.0539911073469627,1.76688545416049,0.0105864916366868,NA,NA,NA,NA,"0.145630955576087",0.0867946025433324,0.090935253850819,0.0637085373237264,0.0235084695383348,NA,3.56965,1019.38568474766,0.145226421698908,22.0045507079821,0.158482591772522,897.953469400089,35.4315336286472,17.2284307602878,0.94220301462802,NA,NA,178.85634881865,0.240605998484536,4.72481962858842,5.4701125249971,8.00306790585756,9.28502893012417,19.7540567377672,26.6322551472866,-20.9661706047021,0.229006834674815,-59.3505129888406,0.368020258648286,-112.038441,-15.355465,NA,-27.7,-17.5,NA,NA,NA,NA,NA,NA,NA,NA,NA,"Upriver","Spring"
"LR54",NA,"LR54","LR",2016,1,155,"2016-06-03","River",NA,51.97409,-63.77726,293.612457275,NA,"middle","4.5",NA,NA,NA,NA,NA,NA,NA,NA,NA,NA,NA,NA,NA,NA,NA,NA,NA,NA,293.984321393814,70.911803683193,723.9,6.07,96.4,100.894683782886,11.94,12,6.48,NA,5.2,2.6,8.6,93.9,974.1,1177600,3600,0.592590207215817,1.1505,0.076700000000002,9.18257425708875,0.339805191876689,0.1835085,0.0020545,NA,NA,NA,NA,NA,NA,NA,NA,338.085,6.41964852847766,0.0179970357823428,1.53398263815372,0.014821088291337,NA,NA,NA,NA,"0.146342671000348",0.0867554760874185,0.0901607253288989,0.0642104516904819,0.0245762301099077,NA,3.56965,988.917470252412,0.78417064457966,22.4315374179714,0.0720195156102168,862.376858495403,17.1263964109409,18.6258137576236,0.916715129923277,NA,NA,163.830294939135,0.236197801744343,4.57634917688629,5.24884776295961,7.71033042576999,8.86342521057526,23.9498384356593,20.3427730979377,-20.7885460152433,0.178144384407254,-57.6732944082312,1.5404657977961,-112.067622,-15.350136,NA,-27.04,-16.16,NA,NA,NA,NA,NA,NA,NA,NA,NA,"Upriver","Spring"
"LR62",NA,"LR62","LR",2016,1,161,"2016-06-09","River",NA,50.317449,-63.31067,41.7742080688,NA,"side","2.2000000000000002",NA,NA,NA,NA,NA,NA,NA,NA,NA,NA,NA,NA,NA,NA,NA,NA,NA,NA,39.1819490822657,170.456932949897,748.3,5.06,61.3,60.8666140715027,7.64,14,6.52,58.1446630016342,3.8,2.2,11.4,71.7,1006.1,1494500,12750,0.65193241795245,1.06316831683168,NA,12.6485872142314,NA,0.259896,0.0392600000000001,NA,NA,NA,NA,NA,NA,NA,NA,724.756,5.9946008892653,0.0481685369467577,2.00931611264027,0.0201143341096775,NA,NA,NA,NA,"0.136243148037903",0.0684695936402233,0.0938572856523476,0.0324085740062609,0.0187470420308159,NA,3.6848,1401.53281822417,13.0142290047602,20.5773644602291,0.220532293236047,1208.96240918042,40.7282490657014,17.6981350461123,0.925387360534283,NA,NA,526.703982699128,0.414222503582927,8.29184400522683,9.88931696945703,14.562860509635,17.3868166739232,21.6586678174977,22.8656102048647,-22.8965200456421,0.0719352709572341,-44.540768137093,2.45499301440351,-99.202458,-13.7377,NA,-27.44,-17.98,NA,NA,NA,NA,NA,NA,NA,NA,NA,"Downriver","Spring"
"LR65",NA,"LR65","LR",2016,1,163,"2016-06-11","River",NA,51.27259,-63.35046,175.593338013,NA,"middle","87.5",NA,NA,NA,NA,NA,NA,NA,NA,NA,NA,NA,NA,NA,NA,NA,NA,NA,NA,173.631361548747,131.343600815801,727.8,10.17,106,110.692836932034,11.92,10,6.6,44.7231635880293,1.8,0.9,18.9,45.4,980.9,1601250,22250,3.6067031025515,0.821785714285714,0.164357142857143,6.12432753019821,0,0.2029895,0.0203415,NA,NA,NA,NA,NA,NA,NA,NA,223.186,6.67742959983062,0.0799280118568661,1.16980732585221,0.00105864916354493,NA,NA,NA,NA,"0.155829482894757",0.0760975355334652,0.102402258733755,0.043460646987998,0.0204327643380987,NA,4.3757,540.260141110975,12.0221795887711,3.96651443633705,0.013280379362794,406.80200393079,22.6500315443011,1.90020427806324,1.10423277386704,NA,NA,49.983669554132,0.0598007456933402,7.07738037237347,13.5615209868485,10.1045240902408,19.5033048409246,17.4794017685721,24.61290816831,-14.0983110576444,0.18818367712939,-50.7317303079679,32.7847756265758,-109.300065,-14.968941,NA,-27.35,-14.05,NA,NA,NA,NA,NA,NA,NA,NA,NA,"Upriver","Spring"
"PR25","PR-03B","PR25","PR",2016,1,162,"2016-06-10","Stream",NA,51.20954,-63.92093,NA,NA,NA,NA,NA,NA,NA,NA,NA,NA,NA,NA,NA,NA,NA,NA,NA,NA,NA,NA,NA,NA,243.979589617356,0.264183900849,NA,NA,NA,NA,NA,NA,NA,17.3759082412741,NA,NA,NA,NA,NA,864000,7500,2.74124964596722,0.547857142857143,0,15.0272235573684,2.1067921896357,0.134831,NA,NA,NA,NA,NA,NA,NA,NA,NA,NA,5.69310561609388,0.0361483654651085,0.762782900251467,0.0020955574182931,NA,NA,NA,NA,"0.131154915631388",0.0699786871641621,0.0778432016802793,0.0474215196786549,0.0190028478770474,NA,2.7636,626.117724591061,9.99448640405546,12.055527696065,0.116095611717379,535.335581062967,41.1256922896068,7.95388884244078,0.677759966740802,NA,NA,NA,NA,NA,NA,NA,NA,66.0363914172704,40.7806754396664,-16.3639902424447,0.260853631950934,-86.8832635727965,2.21213242824257,-97.889628,-13.988181,NA,-27.53,-17.16,NA,NA,NA,NA,NA,NA,NA,NA,NA,"Stream","Spring"
"PR29","PR-05A","PR29","PR",2016,1,164,"2016-06-12","Stream",NA,51.2029,-63.92485,NA,NA,NA,NA,NA,NA,NA,NA,NA,NA,NA,NA,NA,NA,NA,NA,NA,NA,NA,NA,NA,NA,245.440767141611,0.038893849467,NA,NA,NA,NA,NA,NA,NA,-1.34647337231276,NA,NA,NA,NA,NA,543000,10444.4444444445,0.734983782978723,0.34515,0.0766999999999998,4.69714572431596,0.0679610383753703,0.137324,NA,NA,NA,NA,NA,NA,NA,NA,NA,NA,5.2446563285834,0.0172883487007563,0.926760268231349,0.0246227996647131,NA,NA,NA,NA,"0.124410794727188",0.0650023594866413,0.0678257977982273,0.0469444151662838,0.015204124976194,NA,2.64845,625.127874991387,2.90041358443932,5.60427389015954,0.263587913825304,472.103170536592,30.437664611944,4.75577902529772,1.50421891469263,NA,NA,NA,NA,NA,NA,NA,NA,80.8466399369019,33.6383194427678,-16.3237357752838,0.0979085696110526,-98.7838642736086,15.0731831198073,-97.097248,-13.826232,NA,-27.13,-18.61,NA,NA,NA,NA,NA,NA,NA,NA,NA,"Stream","Spring"
"RO1.02",NA,"RO1-02","RO1",2016,1,157,"2016-06-05","Reservoir",NA,50.62154,-63.17035,NA,NA,"rapids","4.3",NA,NA,NA,NA,NA,NA,NA,NA,NA,NA,NA,NA,NA,NA,NA,NA,NA,NA,79.0507628695018,160.473848386995,753.1,3.69,73.2,73.3993139968718,9.61,14,5.79,58.7803427835416,0.5,0,7.4,100,1005.6,1936500,16833.3333333333,3.54839508462491,0.767,0,14.551496288741,0.815532460504147,0.211648,NA,21.828724,1.68074799999997,NA,NA,NA,NA,NA,NA,296.772,5.68996227996647,0.0906328583402936,2.89553646269908,0.0612950544845013,NA,NA,NA,NA,"0.13547558633112572",0.07578162753184,0.0853463542659395,0.0420453867322376,0.0237054738738355,NA,3.9151,2955.5315016061,13.1523043572188,21.9569770943645,0.202369515439791,2243.6703441243,277.664306252796,18.737987991952,1.95685979859195,NA,NA,562.495099373825,0.164177987689675,3.28229397773086,3.51395614942559,6.10022376456932,6.5271460932442,2.95813286380582,7.81268914681858,-24.6140020335691,0.257251182100006,-24.6600114151902,8.0342278411253,-100.497982,-13.859126,NA,-27.25,-20.1,NA,NA,NA,NA,NA,NA,NA,NA,NA,"Reservoir","Spring"
"RO1.04",NA,"RO1-04","RO1",2016,1,158,"2016-06-06","Reservoir",NA,50.46759,-63.24461,NA,NA,"middle","10.7",NA,NA,NA,NA,NA,NA,NA,NA,NA,NA,NA,NA,NA,NA,NA,NA,NA,NA,60.0684224417883,169.069206824628,751.6,4.14,67.4,68.1504125872472,8.8,13,5.98,58.3058931046809,3.5,2.4,8.7,100,1003.4,1169200,10200,2.8155660594131,0.5369,0.0767000000000006,12.5126651374807,0.271844153501377,0.2170355,0.00236549999999999,10.39662,NA,NA,NA,NA,NA,NA,NA,278.481,5.79735959765298,0.0377200335289578,2.8918692372171,0.0440067057837438,NA,NA,NA,NA,"0.13739263852206868",0.0752750756978194,0.0817016570591575,0.0442446640047387,0.0190822576573478,NA,3.9151,2813.71327811663,52.2399865772245,19.2603812034013,0.4551381383683,1762.93446365322,115.401220973143,12.137825847385,1.15350309458784,NA,NA,408.27212831046,0.113190817857819,2.56565397979471,2.84564495045961,4.68043385614476,5.191050899934,34.1005372260235,29.7434626023944,-23.9593001874568,0.136488239295039,-12.1053322125649,1.64443532207022,-100.072769,-13.845108,NA,-27.33,-20.07,NA,NA,NA,NA,NA,NA,NA,NA,NA,"Reservoir","Spring"
"RO1.06",NA,"RO1-06","RO1",2016,1,167,"2016-06-15","Reservoir",NA,50.40915,-63.22786,NA,NA,"side","37",NA,NA,NA,NA,NA,NA,NA,NA,NA,NA,NA,NA,NA,NA,NA,NA,NA,NA,52.6919915944369,169.607353428117,746.7,5.25,91.2,92.9064022438754,11.58,13,6.39,57.3759082412739,7.5,6.3,9,78.7,1006.7,1259583.33333333,12750,4.72810450544374,0.657428571428571,0.0547857142857144,12.3087820223546,0.203883115126015,0.1942605,0.000335500000000002,13.880474,1.953332,NA,NA,NA,NA,NA,NA,312.067,6.03520536462699,0.0083822296733843,1.93524727577536,0.0366722548197818,NA,NA,NA,NA,"0.1384513037690881",0.0787548949336338,0.0817147847492834,0.0454447255793845,0.0207875704992598,NA,3.79995,1602.72511728469,14.7891478721649,50.3082428147493,1.80600159304944,1242.05269056533,33.5500851124234,33.8961468605732,2.79282563466372,NA,NA,699.298579610748,1.28002126201985,9.21924507233313,11.8621807512985,13.9827331462651,18.0085451939978,35.41,35.33,-22.7414766978718,0.0430757508264094,-40.2747997602437,0.615836061751137,-99.662453,-13.648328,NA,-27.09,-18.12,NA,NA,NA,NA,NA,NA,NA,NA,NA,"Reservoir","Spring"
"RO2.31",NA,"RO2-31","RO2",2016,1,153,"2016-06-01","Reservoir",NA,50.66413,-63.26339,NA,NA,NA,"61.7",NA,"2.5",NA,NA,NA,NA,NA,NA,NA,NA,NA,NA,NA,NA,NA,NA,NA,NA,88.9214981256587,160.178917467998,744,3.7,64.4,65.7320905098409,8.5,14,5.97,84.8076650334862,1.7,0.9,12,NA,NA,1277125,25125,1.17831190549662,0.519368571428571,0.0284885714285708,13.6680027898615,2.1067921896357,0.3540495,0.0329495,14.170379,NA,NA,NA,NA,NA,NA,NA,278.084,5.75702011735122,0.00785834031804547,2.59744341994971,0.0523889354568464,NA,NA,NA,NA,"0.13635261585150241",0.0758799742697028,0.0867860600517118,0.0458342945812688,0.0231103351611566,NA,3.4545,2726.84206356935,1.52559261152555,35.565379401548,0.224846845752733,NA,NA,NA,NA,NA,NA,297.784861086761,0.144295874661819,1.90972375886556,1.85654177359691,3.54780067783001,3.44712580694368,39.5787948886287,35.3573693629881,NA,NA,NA,NA,-100.489214,-13.708463,NA,-26.9,-20.41,NA,NA,NA,NA,NA,NA,NA,NA,NA,"Reservoir","Spring"
"RO2.33",NA,"RO2-33","RO2",2016,1,154,"2016-06-02","Reservoir",NA,50.85346,-63.14424,NA,NA,"middle","8.8000000000000007",NA,NA,NA,NA,NA,NA,NA,NA,NA,NA,NA,NA,NA,NA,NA,NA,NA,NA,113.509255385889,157.820390269586,747,5.37,82.4,83.8237328189176,10.42,12,5.98,46.443790274517,6.7,2.2,13,37,996.6,1189900,8300,7.11261630249232,0.8437,0.0767000000000006,10.405872947845,0.611649345378103,0.2500475,0.0386545000000002,15.403077,NA,NA,NA,NA,NA,NA,NA,158.11,6.90014668901928,0.114731768650504,1.83885163453479,0.00838222967306643,NA,NA,NA,NA,"0.15741858810285295",0.0810523730501428,0.103714555485588,0.055659417969957,0.0240774949003682,NA,4.26055,1882.08703253978,41.7311053364505,9.86557601586896,0.214856838828593,1594.84433200144,39.6273537708495,7.41168087841114,0.67727171752163,NA,NA,178.777699599624,0.0302217972548416,1.91869664024603,1.68634531701778,3.32702362346766,2.92829495298044,54.5122991497275,42.3414981634083,-22.0367056939122,0.104753771214837,-41.8778725778618,8.43084205286024,-90.899707,-12.894136,NA,-26.93,-19.78,NA,NA,NA,NA,NA,NA,NA,NA,NA,"Reservoir","Spring"
"RO2.35",NA,"RO2-35","RO2",2016,1,155,"2016-06-03","Reservoir",NA,50.79803,-63.2,NA,NA,"side","7.4",NA,NA,NA,NA,NA,NA,NA,NA,NA,NA,NA,NA,NA,NA,NA,NA,NA,NA,103.774760211448,158.577021260361,744,3.67,89.5,91.3336742227454,11.82,12,6.13,67.8248222968144,6.2,4.5,8.9,70.3,991.9,1168400,19400,0.566316027462097,0.6903,0.0767000000000002,9.38645737221479,NA,0.196383,NA,9.2012735,0.106185500000077,NA,NA,NA,NA,NA,NA,220.86,6.50775356244761,0.0440067057836833,2.00178122380553,0.0193839061190182,NA,NA,NA,NA,"0.15247071478018409",0.0783447204256945,0.089906383336114,0.0466134209082533,0.0175169466957827,NA,3.56965,1656.23784269862,29.1230885984953,12.989282931171,0.811837818705674,1432.82307458115,17.5186283316395,10.4036497244983,0.741624928740515,NA,NA,363.670171095867,0.103235360192128,4.32755570638261,4.01393910581314,6.89268344562451,6.39039812865522,24.2771099609896,23.62780589295,-22.1797744442165,0.0381989394699054,-8.69568911733269,1.8481638600362,-103.433877,-14.491513,NA,-27.11,-18.22,NA,NA,NA,NA,NA,NA,NA,NA,NA,"Reservoir","Spring"
"RO2.36",NA,"RO2-36","RO2",2016,1,156,"2016-06-04","Reservoir",NA,50.65737,-63.2671,NA,NA,NA,"75.400000000000006",NA,NA,NA,NA,NA,NA,NA,NA,NA,NA,NA,NA,NA,NA,NA,NA,NA,NA,88.9214981256587,160.178917467998,741.1,3.62,67.6,72.0469193665119,9.3,14,5.85,NA,NA,NA,NA,NA,NA,NA,NA,1.13991118124119,NA,NA,57.2310283884579,0.27184415350284,0.348754,0.030043,NA,NA,NA,NA,NA,NA,NA,NA,1222.196,6.3872590108969,0.0691533948030252,3.35551131601006,0.0288139145012982,NA,NA,NA,NA,NA,NA,NA,NA,NA,NA,NA,2603.89114857659,163.311574832272,24.3447683506767,1.80306839411148,NA,NA,NA,NA,NA,NA,NA,NA,NA,NA,NA,NA,14.7435078084995,18.7131053342113,NA,NA,NA,NA,NA,NA,NA,-27.43,-19.55,NA,NA,NA,NA,NA,NA,NA,NA,NA,"Reservoir","Spring"
"RO2.37",NA,"RO2-37","RO2",2016,1,156,"2016-06-04","Reservoir",NA,50.74194,-63.23214,NA,NA,"middle","> 100",NA,NA,NA,NA,NA,NA,NA,NA,NA,NA,NA,NA,NA,NA,NA,NA,NA,NA,96.6140671004147,158.88981704761,741.3,3.6,70.2,71.9118906531253,9.29,13,6.06,78.89130026518,3.2,2.3,6.1,94.9,989.5,1058300,88300,3.80913213917645,0.6136,0.1534,11.4932495618505,0.475727268627402,0.2776005,0.00712449999999998,12.351715,NA,NA,NA,NA,NA,NA,NA,668.26,6.02106035205365,0.0581517183571386,2.95002095557418,0.0571039396479412,NA,NA,NA,NA,"0.13988824503443917",0.0753202617250367,0.086417794776227,0.0410992628158786,0.0198741135105062,NA,3.6848,2645.36325772129,40.8570435326333,25.7102960595911,0.225087626842292,1613.12928815886,75.2638064913706,13.6725754400269,1.03742780189851,NA,NA,494.14853297531,0.191688353694366,3.27210423330097,3.4407932429199,6.10396723939997,6.41441452537584,10.4965230207909,15.4548047243323,-23.2314125600992,0.205859289816606,-4.04003637764917,2.71016075927855,-101.220943,-13.99105,NA,-27.43,-20.07,NA,NA,NA,NA,NA,NA,NA,NA,NA,"Reservoir","Spring"
"RO2.42",NA,"RO2-42","RO2",2016,1,162,"2016-06-10","Reservoir",NA,51.05873,-63.19751,NA,NA,NA,"18.399999999999999",NA,NA,NA,NA,NA,NA,NA,NA,NA,NA,NA,NA,NA,NA,NA,NA,NA,NA,142.591783914416,139.873211677078,732.2,7.63,98.3,102.139373521458,11.76,9,6.92,23.1805275313568,7,4.9,15.2,46.5,987.4,1634500,6750,0.190297159429974,0.6231875,0.0479374999999995,9.31849633383944,1.42718180588226,0.2098855,0.0116065,NA,NA,NA,NA,NA,NA,NA,NA,139.983,6.09807208717519,0.0125733445099352,1.21804274937133,0.00890611902768099,NA,NA,NA,NA,"0.14988354810212581",0.0765423769061247,0.0889457635851038,0.0483938807643189,0.0171435070332058,NA,3.6848,1027.33005126712,17.0107192598597,30.9004926006246,0.949835130425702,839.901425774494,15.1741909858029,24.5450674445035,1.11641386050292,NA,NA,236.548237156839,0.434122429970328,6.55356476789834,7.21548176981527,9.23941096969398,10.2043943625156,16.2738794090802,20.3002827518918,-20.110062878472,0.0661364240440307,-43.2683745860371,0.687112021436185,-100.041145,-13.984318,NA,-26.76,-17.18,NA,NA,NA,NA,NA,NA,NA,NA,NA,"Reservoir","Spring"
"RO2.44",NA,"RO2-44","RO2",2016,1,162,"2016-06-10","Reservoir",NA,50.96748,-63.2967,NA,NA,"center",NA,NA,NA,NA,NA,NA,NA,NA,NA,NA,NA,NA,NA,NA,NA,NA,NA,NA,NA,127.837691285596,140.28860892706,731.8,7.92,108,113.512740789142,12.97,12,6.31,52.1194279362238,10.8,8.2,16,42.7,986.6,1613000,8500,0.12325987230109,0.8149375,0.0479375000000013,8.77480802683668,0.20388311512605,0.186682,0.0196129999999998,NA,NA,NA,NA,NA,NA,NA,NA,194.814,6.14941324392288,0.00419111483711599,1.32596395641241,0.000523889354745459,NA,NA,NA,NA,"0.14341917342793009",0.0751387673566538,0.0897562911255226,0.0457747836370795,0.017128118477429,NA,3.9151,898.17850888835,0.0769788654330909,18.5236643496346,0.0515837276449478,696.622809453058,40.7763587641198,15.0659598510699,0.905862659610758,NA,NA,268.798110616967,0.584995709407803,9.50574502187731,17.1077306887714,13.2837855215228,23.9882633625281,15.7204319298536,23.9921216493477,-18.8158661439018,0.423449779878153,-49.3899974237491,1.17658003738574,-104.927489,-14.590854,NA,-26.88,-14.94,NA,NA,NA,NA,NA,NA,NA,NA,NA,"Reservoir","Spring"
"RO2.45",NA,"RO2-45","RO2",2016,1,164,"2016-06-12","Reservoir",NA,50.94175,-63.34061,NA,NA,"center","37.799999999999997",NA,NA,NA,NA,NA,NA,NA,NA,NA,NA,NA,NA,NA,NA,NA,NA,NA,NA,132.216986949013,140.357390405969,733.3,10.4,102.7,105.636996333629,11.4,11,6.58,66.5879856880854,2.8,1.9,17.5,56.7,988.6,1644500,5000,0.338860661309182,1.43782445141066,0.0432789968652051,10.7456781397217,0.407766230252065,0.18491,0.000475000000000003,NA,NA,NA,NA,NA,NA,NA,NA,182.906,6.13736378876781,0.00261944677177763,1.17194048616932,0.0267183570829848,NA,NA,NA,NA,"0.13871928591488789",0.0781583398836422,0.0891818208965515,0.0450842043586717,0.0199008923414167,NA,3.9151,735.295791495108,22.5586687425239,30.1508332942807,0.612846221824199,658.8004731247,12.1786875770746,24.1817459029915,0.35108479868083,NA,NA,104.524343854817,0.382802632513867,6.02981942786109,7.03289866168586,8.53108558804728,10.0256472618225,23.0832630512459,24.4564387076776,-17.4529494386777,0.187665790994318,-52.567265627418,1.28816926184477,-106.898942,-14.551967,NA,-26.98,-13.03,NA,NA,NA,NA,NA,NA,NA,NA,NA,"Reservoir","Spring"
"T47",NA,"T47","TR",2016,1,166,"2016-06-14","Tributary",NA,50.3108,-63.66121,NA,NA,"after rapids","4.0999999999999996",NA,NA,NA,NA,NA,NA,NA,NA,NA,NA,NA,NA,4.4,NA,NA,NA,NA,NA,8.75528936420059,172.446374400817,752.6,9.82,103.7,104.746313916249,11.76,17,6.05,8.00709059317081,2.9,1.5,11.5,80,1014.6,1202550,110050,2.79878940637774,1.17446875,0.11984375,10.5417950245957,0.7475714221288,0.2083355,0.00220050000000001,NA,NA,NA,NA,NA,NA,NA,NA,130.934,6.73300868092314,0.00741054414530894,0.912555579081093,0.00423459665467788,NA,NA,NA,NA,"0.150686511586224",0.067559496951184,0.100029287065134,0.043483690407692,0.0160928806542244,NA,4.26055,556.559129386289,13.7905739123665,7.87893747318016,0.270031993985193,489.69576216103,19.1253089305412,2.7068316764725,0.0967405536036825,NA,NA,47.0762230582593,0.197925665202161,5.86446694807438,17.3959710582013,8.48975158720121,25.3563173798801,9.28309855524581,13.65183860043,-14.5515938564699,0.195216620975655,-98.5764149912997,7.6151759761665,-74.912673,-11.340522,NA,-27.36,-18.77,NA,NA,NA,NA,NA,NA,NA,NA,NA,"Tributary","Spring"
"T49_C1",NA,"T49_C1","TR",2016,1,167,"2016-06-15","Tributary",NA,50.42892,-63.21438,NA,NA,NA,"1",NA,NA,6.5,NA,NA,NA,NA,NA,NA,NA,NA,NA,0.2,NA,NA,NA,NA,NA,54.7790779401699,169.485684821013,756.2,8.05,89.9,90.2345774631917,10.62,16,4.8,-37.2333371665168,NA,NA,NA,NA,NA,1175500,10500,0.556432691978278,NA,NA,11.0854833315984,0.33980519187671,0.3366595,0.0017905,NA,NA,NA,NA,NA,NA,NA,NA,307.388,15.028583527419,0.0614016514929617,1.47946220622486,0.00264662290920841,NA,NA,NA,NA,NA,NA,NA,NA,NA,NA,13.3574,2415.74315188709,3.10504133262725,209.091988582473,10.4388926273729,1875.59583187633,28.5745132381338,161.049097700217,4.08930321907267,NA,NA,NA,NA,NA,NA,NA,NA,174.013439808895,71.7123471474312,-23.7582142230293,0.0453492622295814,-63.283301271516,0.204409522370568,-73.135392,-10.372491,NA,-27.76,-23.7,NA,NA,NA,NA,NA,NA,NA,NA,NA,"Tributary","Spring"
"HW37",NA,"HW37",NA,2016,2,220,"2016-08-07","Hyporheic",NA,51.20212,-63.9233,NA,NA,NA,NA,NA,NA,NA,NA,NA,NA,NA,NA,NA,NA,NA,NA,NA,NA,NA,NA,NA,NA,245.299564987046,0.039983276564,NA,NA,NA,NA,NA,NA,NA,24.64708621109,NA,NA,NA,NA,NA,NA,NA,NA,NA,NA,NA,NA,NA,NA,NA,NA,NA,NA,NA,NA,NA,NA,NA,6.76619177528544,0.037890269778647,0.856320096999091,0.0126300899262391,NA,NA,NA,NA,"0.14577050885654",0.0697896392127073,0.0630168344794591,0.0496420554362271,0.0176710920251706,NA,4.03025,NA,NA,NA,NA,1063.20592119121,63.6927564379871,25.8827902835291,7.91273351904515,NA,NA,NA,NA,NA,NA,NA,NA,96.0499395664708,50.5714283811275,-21.6934220206006,0.130121091764067,-74.8429300302402,6.72397552971995,-87.887791,-14.431554,NA,-27.17,-16.43,NA,NA,NA,NA,NA,NA,NA,NA,NA,"Hyporheic","Summer"
"HW41",NA,"HW41",NA,2016,2,222,"2016-08-09","Hyporheic",NA,51.30254,-63.87091,NA,NA,NA,NA,NA,NA,NA,NA,NA,NA,NA,NA,NA,NA,NA,NA,NA,NA,NA,NA,NA,NA,232.01864283265,1.336054294234,NA,NA,NA,NA,NA,NA,NA,56.3993996353,NA,NA,NA,NA,NA,NA,NA,NA,NA,NA,NA,NA,NA,NA,NA,NA,NA,NA,NA,NA,NA,NA,NA,4.98534909568556,0.06769728200465,2.01879357381025,0.00303122158244342,NA,NA,NA,NA,"0.0965244660111607",0.0526389451658154,0.0537451158780237,0.040525133233375,0.0270718269146974,NA,3.2242,NA,NA,NA,NA,2525.92932886585,366.721039548095,14.5425909645808,3.76218685089176,NA,NA,NA,NA,NA,NA,NA,NA,622.320440478503,147.048932189657,-25.8046749419694,0.737421338282684,-133.71458028521,44.9095053767767,-90.137768,-14.937968,NA,-26.93,-18.52,NA,NA,NA,NA,NA,NA,NA,NA,NA,"Hyporheic","Summer"
"HW43",NA,"HW43",NA,2016,2,223,"2016-08-10","Hyporheic",NA,51.30408,-63.85194,NA,NA,NA,NA,NA,NA,NA,NA,NA,NA,NA,NA,NA,NA,NA,NA,NA,NA,NA,NA,NA,NA,230.561935597167,3.067848406887,NA,NA,NA,NA,NA,NA,NA,211.888183270334,NA,NA,NA,NA,NA,NA,NA,NA,NA,NA,NA,NA,NA,NA,NA,NA,NA,NA,NA,NA,NA,NA,NA,6.37011215519855,0.127816510053559,8.69202788723856,0.0540567848841256,NA,NA,NA,NA,"0.153512916665199",0.0768387403856726,0.0797432098993947,0.050244113671467,0.029230972710998,NA,3.79995,NA,NA,NA,NA,20792.4818320543,3532.55368278071,24542.8057004073,3755.50733582237,NA,NA,NA,NA,NA,NA,NA,NA,3889.99987168703,318.542379668598,-24.8955190106278,0.610223300220614,-56.7468771341672,0.0473181797161288,-96.831474,-13.936724,NA,-27.48,-22.17,NA,NA,NA,NA,NA,NA,NA,NA,NA,"Hyporheic","Summer"
"L332",NA,"L332","L",2016,2,224,"2016-08-11","Lake",NA,51.18935,-63.90314,NA,NA,NA,NA,NA,NA,NA,NA,NA,NA,NA,NA,NA,NA,NA,NA,NA,NA,NA,NA,NA,NA,247.713571540782,0.009401191602,703.3,17.98,96.7,104.924251814911,9.2,8.4,6.4,17.3759082412739,NA,NA,NA,NA,NA,679166.666666667,3722.22222222219,2.73528769488854,NA,NA,4.96363857080586,NA,0.1587715,0.00162599999999842,NA,NA,NA,NA,NA,NA,NA,NA,47.602,4.03859755481459,0.0101040719409702,0.828028695564313,0.0055572395675288,NA,NA,NA,NA,"0.0740115985823974",0.0514571861138349,0.0536125948031933,0.0236397394332071,0.0291211911788885,NA,1.3818,NA,NA,NA,NA,NA,NA,NA,NA,NA,NA,NA,NA,NA,NA,NA,NA,NA,NA,NA,NA,NA,NA,-92.304719,-13.253252,NA,-26.36,-12.72,NA,NA,NA,NA,NA,NA,NA,NA,NA,"Lake","Summer"
"L333",NA,"L333","L",2016,2,224,"2016-08-11","Lake",NA,51.18164,-63.89855,NA,NA,NA,NA,NA,NA,NA,NA,NA,NA,NA,NA,NA,NA,NA,NA,NA,NA,NA,NA,NA,NA,248.70596109275,0.006966256935,701.4,17.22,97.9,105.931331257087,9.41,6,6.42,13.9544550269186,NA,NA,NA,NA,NA,707166.666666667,37166.6666666667,4.51196020833731,NA,NA,5.82040859053998,0.7139750164451,0.152788,0.00731650000000034,NA,NA,NA,NA,NA,NA,NA,NA,42.002,4.18813781954128,0.0070728503589579,0.800242497726584,0.0151561079114882,NA,NA,NA,NA,"0.0749507182947095",0.0510001303476709,0.0527486394073432,0.0236466437304316,0.0264533272713652,NA,1.49695,NA,NA,NA,NA,NA,NA,NA,NA,NA,NA,NA,NA,NA,NA,NA,NA,NA,NA,NA,NA,NA,NA,-92.254243,-13.324602,NA,-26.26,-12.98,NA,NA,NA,NA,NA,NA,NA,NA,NA,"Lake","Summer"
"L335.2",NA,"L335.2","L",2016,2,225,"2016-08-12","Lake",NA,50.46998,-63.58385,NA,NA,NA,"1.2",NA,NA,NA,NA,NA,NA,NA,NA,NA,NA,NA,NA,NA,NA,NA,NA,NA,NA,31.53432758287,3.648057313153,744.6,20.23,106.9,109.355486567206,9.7,42,5.72,20.2557560066121,6.1,3.8,16.7,41,1002.1,NA,NA,NA,0.869266666666667,0.0511333333333338,3.53568853791566,0.571180013156081,0.193384,0.00114049999999822,NA,NA,NA,NA,NA,NA,NA,NA,13.33,4.97170859856522,0.0409214913609921,0.58502576538345,0.00707285035869498,NA,NA,NA,NA,"0.102030331663415",0.0609086606653666,0.0730775005130265,0.0346445758340908,0.0232717700942747,NA,2.5333,608.890418938766,38.9440950706027,18.3145420572536,0.702124642907933,567.239900106625,35.33051863202,12.5190045510781,2.69808039755084,NA,NA,24.3455966773108,0.12021026784093,3.07390011719737,4.7944402449721,3.05505625705989,4.83044792140321,19.1459745500832,25.0474945787238,-17.8398193007955,0.167368048361846,-61.3560136808181,4.33561747928763,-73.951917,-10.904978,NA,-26.58,-13.56,NA,NA,NA,NA,0.42,3.53,0.167,-28.63634413258,NA,"Lake","Summer"
"L336.2",NA,"L336.2","L",2016,2,225,"2016-08-12","Lake",NA,50.51064,-63.41678,NA,NA,NA,NA,NA,NA,NA,NA,NA,NA,NA,NA,NA,NA,NA,NA,NA,NA,NA,NA,NA,NA,50.295726131229,4.682292557701,746.3,20.22,108,110.321934666309,9.81,17,5.77,-2.30966733264601,4.7,2.7,20.2,38.6,1004,552650,6450,2.22232526361804,0.932924645751279,0.0691859070125394,5.53481858396194,0.142795003288993,0.1527625,0.000695999999997738,NA,NA,NA,NA,NA,NA,NA,NA,23.307,4.86308982519956,0.0272809942407699,0.443063554612509,0.00252601798525353,NA,NA,NA,NA,"0.116181651426999",0.0652565535843232,0.0783383823599703,0.0368525803480063,0.0256718516868121,NA,2.18785,604.147694890135,19.983854226957,9.63454205129438,0.136059739663296,502.710920028977,5.15543990850656,6.79273762658415,0.735123942190352,NA,NA,67.6692544044665,0.155104140039056,8.74558444908952,12.847977691162,8.6770181845181,12.9809314155296,14.356390372347,22.1070549971504,-15.3924209424775,0.395661442952707,-63.5423375667334,6.11755699276826,-74.559567,-11.494148,NA,-26.51,-14.72,NA,NA,NA,NA,0.37,2.95,0.088,-29.5065615983132,NA,"Lake","Summer"
"L337",NA,"L337","L",2016,2,229,"2016-08-16","Lake",NA,50.98176,-63.22106,NA,NA,NA,"17",NA,NA,NA,NA,NA,NA,NA,NA,NA,NA,NA,NA,NA,NA,NA,NA,NA,NA,130.389114453401,0.435940112333,727.5,16,104.8,106.107620897433,10.03,8,5.88,0.34568626551811,0,0,17.8,64.6,979.2,537050,5750,1.5001932714261,1.2272,0.102266666666668,3.89267604613821,0.0713975016445214,0.129115,0.00263450000000039,NA,NA,NA,NA,NA,NA,NA,NA,15.345,4.24472062241083,0.0232393654643315,0.314741840961908,0.0136404971203392,NA,NA,NA,NA,"0.0883892899135853",0.0542126224647202,0.0699722899725717,0.0348187053195228,0.0228947596207835,NA,1.8424,469.275267239177,13.9690071214058,3.31298705483866,0.0703985821299342,408.115509629177,16.8352971718721,3.91340208242653,1.17713681270399,NA,NA,4.30587648497318,0.00868066833736822,1.5239412419431,3.09993133584919,1.74627710317325,3.60232121741331,18.361754374788,21.388018674532,-13.2347727553445,0.782283959377335,-79.9959608740854,24.0966009003894,-83.116599,-11.757688,NA,-26.42,-12.88,NA,NA,NA,NA,0.67,4.62,0.161,-29.5766207893856,NA,"Lake","Summer"
"L338",NA,"L338","L",2016,2,229,"2016-08-16","Lake",NA,50.64779,-63.34495,NA,NA,NA,"15.1",NA,NA,NA,NA,NA,NA,NA,NA,NA,NA,NA,NA,NA,NA,NA,NA,NA,NA,68.5904730803653,1.00934769485,748.7,19.73,105.1,106.679221047388,9.61,11,5.6,-3.41201431191454,0,0,20.1,62.1,1007.5,754964.285714286,16464.2857142857,1.76279641893821,0.685036274509804,0.158663725490196,5.2492285773839,0.28559000657803,0.144488,0.000697499999995875,NA,NA,NA,NA,NA,NA,NA,NA,NA,5.81085177326463,0.0171769222996193,0.386480751742952,0.00454683237344842,NA,NA,NA,NA,"0.135313394136921",0.0790002222988346,0.0951604528882306,0.0409984963286048,0.025369904822793,NA,2.87875,707.115382574725,1.8575335868739,20.3959371144114,0.0853406826832899,560.871817917239,11.4462430092279,18.8775923680551,0.700193041407454,NA,NA,18.0751473117337,0.0797836721609126,1.51723299447424,2.74706711299459,1.52981683247982,2.81935722192834,3.12496147402903,7.96714277042617,-20.4262957836071,2.63417921036152,-68.2912665098185,3.94378439536693,NA,NA,NA,-26.56,-15.36,NA,NA,NA,NA,0.74,4.54,0.109,-28.4107166820538,NA,"Lake","Summer"
"LR69",NA,"LR69","LR",2016,2,219,"2016-08-06","River",NA,50.32419,-63.36647,36.1961746216,NA,"side","5.8",NA,NA,NA,NA,NA,NA,"1.5",NA,NA,NA,NA,NA,NA,NA,NA,NA,NA,NA,34.0069606143832,170.805645108571,747.4,14.71,103.9,105.975890348739,10.58,13,5.98,48.3500614359476,2,1.1,19.2,100,1006,1411433.33333333,129766.666666667,4.8017276687642,0.905879126213592,0.0621791262135925,10.0328611875661,0.214192504933506,0.234209,0.00200800000000019,NA,NA,NA,NA,NA,NA,NA,NA,207.038,5.10609275538042,0.0166717187025931,0.95,NA,NA,NA,NA,NA,"0.148067559067192",0.075680921243327,0.0949239750770806,0.039971452781718,0.0277737178833153,NA,3.4545,1769.01506017441,1.11065312419237,109.963592597129,1.21940776487848,1379.19476657031,129.849444889748,70.9274111476179,1.55298876756522,NA,NA,105.717289173458,0.318510223278182,1.68602778125767,1.68935892675007,2.02420598482049,2.05393574644678,42.7614086327595,29.0231354919087,-22.3891123742796,0.36821271225355,-37.7242807588223,0.366400529945006,-102.726543,-14.377557,NA,-26.75,-17.32,NA,NA,NA,NA,0.39,2.82,0.181,-30.0941224044119,NA,"Downriver","Summer"
"LR71",NA,"LR71","LR",2016,2,219,"2016-08-06","River",NA,50.38126,-63.26665,50.7338943481,NA,"middle","8.8000000000000007",NA,NA,NA,NA,NA,NA,"2",NA,NA,NA,NA,NA,NA,NA,NA,NA,NA,NA,48.1412106213299,170.049695552275,746.4,14.45,97.3,98.937738758963,9.92,13,5.74,36.7601147643626,6.1,4.7,25.7,78.1,1004.2,1752875,26625,5.00415670538916,1.03545,0.0383499999999959,8.74770615796489,0.78537251808962,0.2594215,0.0315275,NA,NA,NA,NA,NA,NA,NA,NA,94.579,5.83174952485746,0.00900270081029195,1.58447534260278,0.0260078023406969,NA,NA,NA,NA,"0.142789889311537",0.0737636897576418,0.0920815042348598,0.0421031366373873,0.0221694867684241,NA,3.4545,2001.0131763546,1.47029408581272,113.272040546398,0.304505468565672,1127.22002069536,285.684218967163,54.6518608983125,19.1604172300162,NA,NA,308.647684384916,0.942821835267536,4.17225946979805,4.82342653219419,4.81973431660332,5.62365920108546,54.6017481738162,53.910696087112,-24.5086365764487,0.65702945511488,-25.6321350581635,4.01338235781492,-103.810774,-14.241827,NA,-27.09,-17.71,NA,NA,NA,NA,0.5,4.29,0.204,-30.3514205572886,NA,"Downriver","Summer"
"LR72",NA,"LR72","LR",2016,2,222,"2016-08-09","HeadwaterLakes",NA,52.35541,-63.99129,367.690948486,NA,"main","3.3",NA,NA,NA,NA,NA,NA,"4",NA,NA,NA,NA,NA,NA,NA,NA,NA,NA,NA,366.09664858159,26.718364487111,720.1,15.75,108.5,114.495879642521,10.77,14,6.22,83.8462031470886,8.8,7.5,13.3,68,969.2,2912000,8800,10.9370837121517,1.1505,0.306800000000001,9.46168117440999,0.499782511511568,0.234748,0.0153269999999994,NA,NA,NA,NA,NA,NA,NA,NA,282.913,7.30269080724217,0.0135040512153064,1.17135140542163,0.0290087026107789,NA,NA,NA,NA,"0.16019941378167",0.0826461029074881,0.0972933558386168,0.0491622837537439,0.0242487487275698,NA,4.8363,892.61556784503,16.7724497299348,128.990606821698,4.38363304023825,739.724793139722,7.15135441284716,86.988436055654,2.78171793325494,NA,NA,235.836196312423,4.56091737360053,10.8745832115375,21.0562719358928,12.1250082907468,23.7207185351256,21.5535118240835,23.7999378470627,-20.5052678482565,0.175695067369201,-63.0658070262094,0.218535230919878,-103.270223,-13.888804,NA,-27.04,-13.46,NA,NA,NA,NA,0.51,4.61,0.243,-29.2123362442126,NA,"Riverine Lakes","Summer"
"LR73",NA,"LR73","LR",2016,2,224,"2016-08-11","HeadwaterLakes",NA,52.087,-63.83802,309.891296387,NA,"main","4",NA,NA,NA,NA,NA,NA,"0",NA,NA,NA,NA,NA,NA,NA,NA,NA,NA,NA,309.390150968045,61.168267211568,716.2,17.39,96.4,101.993108479517,9.21857923497268,12,6.49,49.5811371915679,9.9,7.4,16,54.6,963.7,1401000,3600,3.73315192542954,0.801233333333333,0.238766666666667,6.96276861685214,0.7139750164451,0.2146165,0.00935250000000038,NA,NA,NA,NA,NA,NA,NA,NA,57.064,5.21706511953586,0.0555166549965159,0.914774432329699,0.0105031509452836,NA,NA,NA,NA,"0.11096726731312",0.0686674338398346,0.0851979936946019,0.0342696853907087,0.0230520858793759,NA,2.87875,714.124565401011,2.69344175280213,8.93881964592378,0.0972908201753411,660.97815497403,36.3140463814359,7.81140734810995,0.485329860188187,NA,NA,87.4169638395087,0.113486534388465,6.68890126335017,9.54024988479747,7.14182193463549,10.3049963890725,21.6032988495221,16.885092507258,-19.0248519566793,0.188638276675261,-57.7307757281975,4.34846794258228,-107.695796,-14.516887,NA,-26.95,-12.38,NA,NA,NA,NA,0.53,4.13,0.196,-28.2579337561724,NA,"Riverine Lakes","Summer"
"LR74",NA,"LR74","LR",2016,2,224,"2016-08-11","HeadwaterLakes",NA,52.05544,-63.68134,323.327148438,NA,"side","0.2",NA,NA,NA,NA,NA,NA,"0",NA,NA,NA,NA,NA,NA,NA,NA,NA,NA,NA,322.40797480551,55.427819757002,714.8,18.02,105.2,111.969882752794,9.97,12,6.5,52.2647998896301,8.9,7.2,18.7,53,962.1,1333000,4200,3.97689866953001,1.49189019607843,0.162423529411765,6.03460109547351,0.499782511511568,0.190299,0.00105299999999934,NA,NA,NA,NA,NA,NA,NA,NA,81.536,5.19505851755527,0.00250075022522141,0.913774132239672,0.0305091527458222,NA,NA,NA,NA,"0.108062940870754",0.066515607195136,0.0856741469194808,0.0340555625667854,0.028977846849431,NA,2.87875,561.412304815192,20.2535672724496,11.9382671615989,0.088479959095114,616.065711525338,37.2821258104794,10.6621714980459,0.9470029772243,NA,NA,19.5525973984776,0.0483457113813188,3.0165661297448,3.03358505068097,3.16892038273663,3.22547162279007,66.3009192393222,47.1171410424905,-17.3275503220365,0.436705370541108,-72.1957783455915,1.66553824952869,-105.595386,-14.19794,NA,-27.44,-10.94,NA,NA,NA,NA,0.54,4.45,0.21,-29.4682970496533,NA,"Riverine Lakes","Summer"
"LR79",NA,"LR79","LR",2016,2,227,"2016-08-14","River",NA,51.97254,-63.7764,293.433288574,NA,"main","7.4",NA,NA,NA,NA,NA,NA,NA,NA,NA,NA,NA,NA,NA,NA,NA,NA,NA,NA,293.814321393814,70.912845366473,722.4,15.94,110.4,116.615440548066,10.96,13,6.33,56.1428536647546,1.5,1,16.4,58.3,971.9,1304900,1100,7.58249257188081,NA,NA,7.17696112178567,1.07096252466765,0.172824,0.00229500000000116,NA,NA,NA,NA,NA,NA,NA,NA,2186.976,5.49064719415825,0.039011703510997,1.01180354106232,0.00450135040514598,NA,NA,NA,NA,"0.117400203627127",0.0687843477227166,0.0876881091702036,0.0344398612970097,0.0200043257124666,NA,3.10905,662.788657456873,8.43002771591915,36.5989951111413,1.50083918182815,486.263114388969,24.8455989612618,27.8863936918763,2.3907194331389,NA,NA,34.985979393196,0.348892294164451,3.07132693056392,5.93394308349871,3.52696009125808,6.90995966763136,21.9298362941937,23.0988579387727,-17.1772219928544,0.330002615846366,-60.2188241460622,0.409727385111872,-107.126952,-14.371238,NA,-27.32,-12.39,NA,NA,NA,NA,0.51,4.67,0.157,-30.1839673451298,NA,"Upriver","Summer"
"LR80",NA,"LR80","LR",2016,2,227,"2016-08-14","River",NA,51.65284,-63.71143,249.631896973,NA,"main","2.2999999999999998",NA,NA,NA,NA,NA,NA,NA,NA,NA,NA,NA,NA,NA,NA,NA,NA,NA,NA,250.012395857306,91.092876410008,724.4,15.75,114.5,120.368855893418,11.39,14,6.43,53.8036278635867,4.3,2.6,19,52.1,974.6,1559500,66750,7.24917791157505,1.16389430147059,0.324988051470588,6.46298610534057,0.214192504933523,0.174111,0.00373999999999968,NA,NA,NA,NA,NA,NA,NA,NA,122.959,5.62168650595179,0.016004801440245,1.30489146744023,0.0195058517555269,NA,NA,NA,NA,"0.118050830952797",0.0690468089749645,0.0847814317931739,0.0376082518009913,0.0211440936855019,NA,3.2242,505.042154234103,0.519285504551704,18.6742889107233,0.689671822839566,469.129515927533,21.8424694370142,12.0147767925362,0.0757630129671432,NA,NA,18.756967463596,0.241487682664979,4.22548812687566,8.39008647748325,4.88542987255846,9.83471056601477,60.401407986001,40.877074878193,-17.6039963986795,0.616639138543614,-58.1009084294951,2.0952572729477,-106.258699,-14.418292,NA,-27.33,-12.68,NA,NA,NA,NA,0.45,3.87,0.148,-29.7401976806633,NA,"Upriver","Summer"
"LR81",NA,"LR81","LR",2016,2,228,"2016-08-15","River",NA,51.38453,-63.58796,199.868988037,NA,"main","4",NA,NA,NA,NA,NA,NA,"0",NA,NA,NA,NA,NA,NA,NA,NA,NA,NA,NA,198.930832676837,110.486757762821,729.2,16.1,110.9,115.70997762803,10.94,15,6.28,59.203545383158,4.6,3.7,17.6,47.6,981.3,1649875,625,6.9316000291165,NA,NA,6.96276861685214,0.285590006578036,0.1714355,0.00160549999999835,NA,NA,NA,NA,NA,NA,NA,NA,123.234,5.55116534960488,0.0105031509454158,1.23737121136341,0.0230069020706248,NA,NA,NA,NA,"0.119137500523317",0.0685029782350207,0.0828543640126315,0.0367330998533155,0.0216390958348606,NA,3.10905,560.184713747339,6.3489268456222,24.3808441906311,0.179829928786514,542.6296451757,61.2508508038966,17.4248082298337,3.24709992633123,NA,NA,62.3074891557359,0.726716790983207,9.1375725503291,19.2215835919508,10.0932158054131,21.4578687650999,32.4596038910916,28.0153390793501,-17.7682314580026,0.292747511661227,-59.4894102453962,1.17153478192678,-105.135712,-14.298378,NA,-27.23,-11.46,NA,NA,NA,NA,0.54,4.21,0.18,-29.8384908406725,NA,"Upriver","Summer"
"LR85",NA,"LR85","LR",2016,2,229,"2016-08-16","River",NA,50.30941,-63.62207,16.0565643311,NA,"rapids","2.2000000000000002",NA,NA,NA,NA,NA,NA,NA,NA,NA,NA,NA,NA,NA,NA,NA,NA,NA,NA,11.4950662413115,172.335135647554,763.3,15.98,112.6,112.178555795949,11.13,12.5,6.39,53.0665045933212,3.3,2.4,17.2,82.4,1017.8,1876071.42857143,22500,10.9242354764937,1.30340194805195,0.307298051948053,9.31888617112097,0.214192504933539,0.1781425,0.00530950000000016,NA,NA,NA,NA,NA,NA,NA,NA,118.847,5.55516654996499,0.033510053015944,1.12333700110033,0.0210063018905673,NA,NA,NA,NA,"0.13933618564001",0.0736247507770053,0.0884012219296691,0.0386442254805172,0.0195353713937249,NA,3.10905,990.415650291163,1.76580326440592,20.3015306121667,0.238717057710458,969.379663709818,104.766053835588,17.2970328671594,0.820160611385971,NA,NA,173.668027490016,0.345837107679323,6.71727077089501,11.0772572927076,7.7027803602246,12.8814001673588,21.3499188034216,23.6820739852888,-20.9903873170766,0.69847455604027,-56.6457023739289,2.58685963817989,-102.861034,-14.18029,NA,-27.21,-14.39,NA,NA,NA,NA,0.52,2.59,0.123,-31.6585719936362,NA,"Downriver","Summer"
"LR86",NA,"LR86","LR",2016,2,229,"2016-08-16","River",NA,50.31247,-63.77887,3.06977558136,NA,"main","1.8",NA,NA,NA,NA,NA,NA,"1",NA,NA,NA,NA,NA,NA,NA,NA,NA,NA,NA,2.65045439702981,189.052524661429,763.2,16.02,113.1,112.692056324614,11.17,12.8,6.56,53.4947849087953,2.3,1.8,15.8,100,1017.8,1625375,1625,11.8036925856116,NA,NA,10.3898486957886,1.71354003946824,0.214846,0.0304670000000001,NA,NA,NA,NA,NA,NA,NA,NA,135.295,5.54166249874963,0.0240072021605154,1.0778233470041,0.0355106531959566,NA,NA,NA,NA,"0.135639166588256",0.0732587152020564,0.085785320642608,0.0435708863434669,0.0202660578313834,NA,3.33935,975.054333062733,7.42712961468317,56.3775700062642,2.20705728254154,943.994504520228,82.6720749424093,41.6960477792305,1.06105346733958,NA,NA,43.7574116054322,0.239975195117315,1.7402716620416,2.59976770950137,1.99274805829808,3.01901009079846,20.4149789803346,18.9743106602129,-20.8340538156032,0.470162768903471,-56.8666399950016,1.1598814162708,-102.552245,-14.2798,NA,-27.17,-14.19,NA,NA,NA,NA,0.63,4.81,0.152,-31.2820090418242,NA,"Downriver","Summer"
"M17",NA,"M17","ES",2016,2,227,"2016-08-14","Marine",NA,50.28684,-63.84786,NA,NA,NA,"2",NA,NA,NA,NA,NA,NA,NA,NA,NA,NA,NA,NA,NA,NA,NA,NA,NA,NA,8.82121952501812,190.173375870709,766.9,15.71,NA,NA,NA,7052,7.18,NA,NA,NA,NA,NA,NA,NA,NA,2.88422381871017,NA,NA,NA,NA,NA,NA,NA,NA,NA,NA,NA,NA,NA,NA,NA,3.08780438516722,0.0697180963928672,4.04415479438214,0.0277861978377119,NA,NA,NA,NA,NA,NA,NA,NA,NA,NA,NA,NA,NA,NA,NA,NA,NA,NA,NA,NA,NA,NA,NA,NA,NA,NA,NA,NA,NA,NA,NA,NA,NA,NA,NA,NA,NA,NA,NA,NA,NA,NA,NA,NA,NA,NA,NA,"Estuary","Summer"
"M19",NA,"M19","ES",2016,2,227,"2016-08-14","Marine",NA,50.26292,-63.85185,NA,NA,NA,"16",NA,NA,NA,NA,NA,NA,NA,NA,NA,NA,NA,NA,NA,NA,NA,NA,NA,NA,12.1652607024614,190.232539140666,766.9,14,NA,NA,NA,16000,7.8,NA,NA,NA,NA,NA,NA,NA,NA,6.51637786649143,NA,NA,NA,NA,NA,NA,NA,NA,NA,NA,NA,NA,NA,NA,NA,1.15540062645246,0.0116196827321562,15.2081438819844,0.200565828028724,NA,NA,NA,NA,NA,NA,NA,NA,NA,NA,NA,NA,NA,NA,NA,NA,NA,NA,NA,NA,NA,NA,NA,NA,NA,NA,NA,NA,NA,NA,NA,NA,NA,NA,NA,NA,NA,NA,NA,NA,NA,NA,NA,NA,NA,NA,NA,"Estuary","Summer"
"M20",NA,"M20","ES",2016,2,227,"2016-08-14","Marine",NA,50.2596,-63.84907,NA,NA,NA,"17",NA,NA,NA,NA,NA,NA,NA,NA,NA,NA,NA,NA,NA,NA,NA,NA,NA,NA,12.5752607024614,190.226844605402,766.9,7.96,NA,NA,NA,43200,7.8,NA,NA,NA,NA,NA,NA,NA,NA,8.52242708881575,NA,NA,NA,NA,NA,NA,NA,NA,NA,NA,NA,NA,NA,NA,NA,0.318783469738305,0.00858846114984359,27.1218551076084,0.48044862079434,NA,NA,NA,NA,NA,NA,NA,NA,NA,NA,NA,NA,NA,NA,NA,NA,NA,NA,NA,NA,NA,NA,NA,NA,NA,NA,NA,NA,NA,NA,NA,NA,NA,NA,NA,NA,NA,NA,NA,NA,NA,NA,NA,NA,NA,NA,NA,"Estuary","Summer"
"PR37","PR-06B","PR37","PR",2016,2,220,"2016-08-07","Stream",NA,51.20212,-63.9233,NA,NA,NA,NA,NA,NA,NA,NA,NA,NA,NA,NA,NA,NA,NA,NA,NA,NA,NA,NA,NA,NA,245.299564987046,0.039983276564,NA,NA,NA,NA,NA,NA,NA,6.95113255330462,NA,NA,NA,NA,NA,NA,NA,1.78962519879227,1.02266666666667,0.0511333333333349,NA,NA,NA,NA,NA,NA,NA,NA,NA,NA,NA,NA,NA,7.23047388097403,0.0899262402748754,0.735071233707184,0.00959886834394087,NA,NA,NA,NA,"0.151018081261493",0.0694561433706833,0.0675233898620294,0.0496852854944573,0.0113448047453021,NA,3.6848,593.827722942452,0.649592740583728,8.89824929244424,0.726819154391551,721.865888686717,27.7681256319488,9.64856727938333,0.505327578029112,NA,NA,NA,NA,NA,NA,NA,NA,44.3896854149122,29.1812877334709,-18.8396691440336,0.611003151767656,-78.1819695303937,0.927802585891406,-91.884214,-13.250088,NA,-27.07,-14.34,NA,NA,NA,NA,0.43,4.69,0.222,-27.8816301804888,NA,"Stream","Summer"
"PR38","PR-05A","PR38","PR",2016,2,220,"2016-08-07","Stream",NA,51.20287,-63.92476,NA,NA,NA,NA,NA,NA,NA,NA,NA,NA,NA,NA,NA,NA,NA,NA,NA,NA,NA,NA,NA,NA,245.430767141611,0.038893849467,NA,NA,NA,NA,NA,NA,NA,21.7690319294386,NA,NA,NA,NA,NA,NA,NA,0.930203018299232,0.792566666666667,0.178966666666666,6.39158860369606,NA,0.174832,0.0254445000000001,NA,NA,NA,NA,NA,NA,NA,NA,NA,6.81721733858745,0.0141457007174135,1.05385470344549,0.00808325755279482,NA,NA,NA,NA,"0.142971249213835",0.0685992778075218,0.0655310948015597,0.0493247714893241,0.014908287783314,NA,3.2242,711.697717311186,1.12696354192701,17.1808970861376,9.34468236690955,587.774424464128,18.3796523433076,5.43113128761652,1.88996343799505,NA,NA,NA,NA,NA,NA,NA,NA,39.5891902547942,35.1200841962419,-18.2716843211542,1.53101175280906,-77.101726683265,15.2792797886195,-91.802321,-13.330425,NA,-27.03,-17.46,NA,NA,NA,NA,0.34,2.41,0.114,-28.27731064397,NA,"Stream","Summer"
"PR40","PR-10B","PR40","PR",2016,2,222,"2016-08-09","Stream",NA,51.303572,-63.869197,NA,NA,NA,NA,NA,NA,NA,NA,NA,NA,NA,NA,NA,NA,NA,NA,NA,NA,NA,NA,NA,NA,231.85864283265,1.344079595837,NA,NA,NA,NA,NA,NA,NA,65.1464699282866,NA,NA,NA,NA,NA,1156083.33333333,6583.33333333337,6.85111368955431,0.484073509933775,0.0238735099337745,NA,NA,NA,NA,NA,NA,NA,NA,NA,NA,NA,NA,NA,5.31676265535011,0.00606244316400781,2.15822976659594,0.0101040719410141,NA,NA,NA,NA,"0.112763676964707",0.0590652482808535,0.0672327025246192,0.0371622746183527,0.0172986532824357,NA,3.33935,1622.50877897732,1.83154524882991,7747.24619286218,185.855866609203,601.825026871388,86.2650623762677,10.0189299179996,1.54454889224818,NA,NA,NA,NA,NA,NA,NA,NA,30.0980991432965,29.2275869845988,-17.1464483933079,0.627509273228597,-76.0430378198985,6.97103717379626,-95.293678,-13.561709,NA,-26.75,-16.8,NA,NA,NA,NA,0.26,2.4,0.114,-28.2323249129993,NA,"Stream","Summer"
"PR41","PR-09A","PR41","PR",2016,2,222,"2016-08-09","Stream",NA,51.30254,-63.87091,NA,NA,NA,NA,NA,NA,NA,NA,NA,NA,NA,NA,NA,NA,NA,NA,NA,NA,NA,NA,NA,NA,232.01864283265,1.336054294234,NA,NA,NA,NA,NA,NA,NA,66.5879856880855,NA,NA,NA,NA,NA,1038000,61000,3.09161825935851,0.513186985320444,0.00858172216255009,5.03503607245037,0.642577514800588,0.166397,0.00753149999999995,NA,NA,NA,NA,NA,NA,NA,NA,NA,5.14852985753259,0.0793169647367509,1.09174497322421,0.0186925330908461,NA,NA,NA,NA,NA,NA,NA,NA,NA,NA,3.10905,1641.10284078445,1.78246924856228,8209.21664236991,227.394565389245,562.189148882742,59.4185414926611,13.0136234426973,2.40522309310635,NA,NA,NA,NA,NA,NA,NA,NA,25.8803962743467,28.5009047776314,-17.1657374250207,0.834728254828073,-77.7204576895605,2.6376928424304,-95.479427,-13.51035,NA,-26.39,-11.87,NA,NA,NA,NA,0.26,2.24,0.106,-28.0540263116745,NA,"Stream","Summer"
"PR42","PR-11A","PR42","PR",2016,2,223,"2016-08-10","Stream",NA,51.30536,-63.8649,NA,NA,NA,NA,NA,NA,NA,NA,NA,NA,NA,NA,NA,NA,NA,NA,NA,NA,NA,NA,NA,NA,231.53864283265,3.054948895603,NA,NA,NA,NA,NA,NA,NA,10.157898711639,NA,NA,NA,NA,NA,1743750,250,10.6852028332462,1.26555,0.26845,NA,NA,NA,NA,NA,NA,NA,NA,NA,NA,NA,NA,NA,6.44185106597959,0.0389006769728186,0.988683439426089,0.00757805395574228,NA,NA,NA,NA,"0.146210251593094",0.0721595031439384,0.0830751401287109,0.0455821238750431,0.0207420521982534,NA,4.26055,659.520573380577,0.350207963469472,59.617855503034,3.63793552330473,519.580849360444,12.9636370628153,59.1980541211501,2.2660194961348,NA,NA,NA,NA,NA,NA,NA,NA,152.118255267164,70.4825183830452,-17.4725431884087,0.150125377423161,-56.6105567128461,0.306696535537506,-98.208694,-13.863269,NA,-26.61,-12.27,NA,NA,NA,NA,0.31,2.74,0.171,-28.5761259312236,NA,"Stream","Summer"
"PR43","PR-12B","PR43","PR",2016,2,223,"2016-08-10","Stream",NA,51.30408,-63.85194,NA,NA,NA,NA,NA,NA,NA,NA,NA,NA,NA,NA,NA,NA,NA,NA,NA,NA,NA,NA,NA,NA,230.561935597167,3.067848406887,NA,NA,NA,NA,NA,NA,NA,73.1195305701073,NA,NA,NA,NA,NA,1437200,3000,8.56843290026445,0.57525,0.11505,4.67804856422782,0.14279500328903,0.1329935,0.00893400000000001,NA,NA,NA,NA,NA,NA,NA,NA,NA,6.03162574517531,0.0368798625846051,0.988178235829039,0.0596140244518534,NA,NA,NA,NA,"0.132929173073792",0.068548327103474,0.0750677622729884,0.0419964948878137,0.0195508147788068,NA,4.03025,562.215609152004,10.4195398763632,35.2866345287764,0.434145829324724,312.490241245665,84.8440518470308,13.583413380448,4.2998534625056,NA,NA,NA,NA,NA,NA,NA,NA,104.40950290966,48.8215250048001,-17.4803090640411,0.0253915154627773,-80.4001616700658,9.55258234066275,-97.184504,-13.761211,NA,-26.53,-11.15,NA,NA,NA,NA,0.27,2.67,0.126,-28.6611340254642,NA,"Stream","Summer"
"RO1.10P",NA,"RO1-10D","RO1",2016,2,227,"2016-08-14","Deep",NA,50.3895,-63.24347,NA,NA,"middle","32",NA,NA,NA,NA,NA,NA,NA,NA,NA,NA,NA,NA,NA,NA,NA,NA,NA,NA,50.1211832300118,169.857118696232,754.4,9.71,56.7,57.2532613849495,6.46,14.2,5.9,84.0456085328704,0.8,0.6,18.5,62.1,1005.4,2002857.14285714,21071.4285714285,7.82998286665859,NA,NA,13.8169287747251,0.142795003288993,0.2142545,0.000553999999996935,NA,NA,NA,NA,NA,NA,NA,NA,194.917,6.08032409722917,0.0075022506749539,4.98049414824447,0.0300090027009403,NA,NA,NA,NA,"0.28404722433528112",0.149069911048691,0.176879946065399,0.0690309051594106,0.0517745254942344,NA,3.56965,2922.48802471805,43.905091009015,13.5864311727901,2.35344814833909,2675.72915743012,4.62460743233578,19.1374894732497,0.56979561372582,NA,NA,NA,NA,NA,NA,NA,NA,14.2833009450136,16.946540789771,-25.5116021202691,0.0226258428146036,-13.2078421808181,0.506431346469059,-103.761885,-14.459052,NA,-26.99,-21.66,NA,NA,NA,NA,0.54,4.77,0.127,-28.9252087298627,NA,"Hypolimnion","Summer"
"RO1.11",NA,"RO1-11","RO1",2016,2,228,"2016-08-15","Reservoir",NA,50.44172,-63.22266,NA,NA,NA,"1.3",NA,NA,NA,NA,NA,NA,NA,NA,NA,NA,NA,NA,NA,NA,NA,NA,NA,NA,56.6590783363616,169.430640540359,756.6,17.037,92.8,93.1557622206221,8.96,12.8,6.2,67.3666210019702,NA,3.7,21.6,NA,NA,2725200,22800,10.7757412996271,2.4544,0.0767000000000092,10.4951538663041,2.91675947887357,0.2427265,0.000395999999997342,NA,NA,NA,NA,NA,NA,NA,NA,228.473,6.32889866960088,0.0280084025207141,1.71501450435131,0.0335100530158977,NA,NA,NA,NA,"0.14756429905940355",0.0742887289144064,0.0999163312622953,0.0370536953336312,0.024030504107375,NA,4.49085,2126.01623314247,19.4440892212945,513.109763563965,3.78953359182745,1915.11272925018,95.1897141246049,556.726816645824,47.5942004531972,NA,NA,23.2631089671258,0.160044575407924,0.316071022331281,0.188953532612544,0.340591252062366,0.205930536857963,33.5624042424465,34.0252556492094,-21.7718030926577,0.171723120002823,-44.1315507334225,0.439671038207707,-99.876071,-13.787385,NA,-27.22,-17.47,NA,NA,NA,NA,1.9,13.62,0.615,-33.657276653277,NA,"Reservoir","Summer"
"RO1.12",NA,"RO1-12","RO1",2016,2,228,"2016-08-15","Reservoir",NA,50.43068,-63.21952,NA,NA,NA,"17.899999999999999",NA,NA,NA,NA,NA,NA,NA,NA,NA,NA,NA,NA,NA,NA,NA,NA,NA,NA,54.822058808929,169.485563291297,756,17.4,98.1,98.6543156973649,9.41,12,6.25,45.8363624252643,4.1,3.7,21.6,87.4,1001.8,1630875,12875,10.192440644092,2.1476,0.0511333333333327,9.74900609263876,0.27132646315099,0.173009,0.000147499999998228,NA,NA,NA,NA,NA,NA,NA,NA,109.02,5.83825147544263,0.000500150043481557,1.36090827248174,0.00550165049518763,NA,NA,NA,NA,"0.14127798385677229",0.0728567866708395,0.0982153202785776,0.0346574681202474,0.022529985119308,NA,3.4545,543.750984870881,26.1168180052838,11.466647828605,0.399503147510865,1415.56330793085,26.3541980548941,124.053964178066,3.96185118124069,NA,NA,211.386198015469,2.01687416115745,36.0909467223958,128.081103808323,38.5247457099985,138.313228349879,19.7282481732106,18.4541814244384,-20.7678659300233,0.127476178609778,-38.7468479505734,0.230288111357501,-102.886106,-14.286009,NA,-27.02,-15.85,NA,NA,NA,NA,0.8,6.38,0.248,-31.762347153807,NA,"Reservoir","Summer"
"RO1.13",NA,"RO1-13","RO1",2016,2,228,"2016-08-15","Reservoir",NA,50.40557,-63.23331,NA,NA,NA,"30",NA,NA,NA,NA,NA,NA,NA,NA,NA,NA,NA,NA,NA,NA,NA,NA,NA,NA,52.0523113207515,169.654294280922,756.3,17.467,101.5,101.795704404252,9.7,11.9,6.35,40.6606019267437,5.4,4.6,21.4,62.7,1008.2,1325400,8600,5.52270779920928,3.04243333333333,0.6903,8.39237377688361,0.542652926302046,0.185058,9.35000000016271e-05,NA,NA,NA,NA,NA,NA,NA,NA,81.549,6.01230369110733,0.0935280584175381,1.37741322396719,0.00200060018003062,NA,NA,NA,NA,"0.13873877336006829",0.0742513196544994,0.0936604875962052,0.0400632509493396,0.0270497508372063,NA,3.56965,1545.64788113037,31.8430027745414,210.877688753527,1.20324046169227,1243.92061670683,307.226977436708,137.993323724702,37.2147952964614,NA,NA,315.184977269954,2.40530567837562,6.54677160626021,7.01096728420074,6.97612163422103,7.55829691184923,18.6673679230867,18.3568883354122,-22.1022170949126,0.903794315935063,-44.6381935924302,0.811640186760073,-100.442569,-13.719986,NA,-26.9,-15.41,NA,NA,NA,NA,0.58,4.69,0.212,-32.5116582222877,NA,"Reservoir","Summer"
"RO2.47",NA,"RO2-47","RO2",2016,2,218,"2016-08-05","Reservoir",NA,50.85912,-63.1628,NA,NA,"middle","48",NA,NA,NA,NA,NA,NA,NA,NA,NA,NA,NA,NA,NA,NA,NA,NA,NA,NA,113.007839369776,157.818788681543,732.7,20.72,95.6,100.182030358934,8.66,14,6.33,32.2647998896301,0.8,0.5,24,92.6,986.5,1861625,375,3.25543326399714,3.7712099009901,1.3168099009901,5.27211945064677,0.271326463151036,0.1883015,0.0010759999999977,NA,NA,NA,NA,NA,NA,NA,NA,53.125,5.7372211663499,0.042512753826048,1.03731119335801,0.0180054016204976,NA,NA,NA,NA,"0.1316329895568398",0.0734300775934741,0.0921124112287307,0.0334184920378356,0.0281754718299657,NA,3.2242,807.984132387932,41.334613110261,93.3755357129249,5.14687242154917,699.044202555572,18.0547478387529,88.9077542351693,4.24198016501735,NA,NA,13.035358892795,0.216602957601941,0.843968493276539,1.5420391176177,0.823786523071078,1.53345266722052,16.6744613532622,21.0919527916479,-15.4254231915298,0.262665628369162,-50.8541622257509,0.407926183460538,-101.078945,-13.745621,NA,-26.94,-11.55,NA,NA,NA,NA,1.17,8.78,0.277,-30.1386460125798,NA,"Reservoir","Summer"
"RO2.48",NA,"RO2-48","RO2",2016,2,220,"2016-08-07","Reservoir",NA,51.00187,-63.34712,NA,NA,"main ","39",NA,NA,NA,NA,NA,NA,NA,NA,NA,NA,NA,NA,NA,NA,NA,NA,NA,NA,135.784966531842,139.1345974667,727.7,19.45,105.8,110.730953796126,9.75,14,6.22,66.624449227045,1.4,1.2,19.5,80,979.1,1694000,29750,4.23561961633973,1.48286666666667,0.255666666666666,4.39030844540593,0.203494847363275,0.175407,0.000179499999998046,NA,NA,NA,NA,NA,NA,NA,NA,72.06,5.33360008002401,0.0720216064819163,1.15984795438632,0.0145043513053914,NA,NA,NA,NA,"0.1190201189329344",0.0660113980104818,0.0879753510715046,0.0312870143372668,0.0215523032941419,NA,2.7636,925.104031561622,13.0738284146316,133.704276306534,3.2193983546219,733.679747370809,194.039364933074,89.6395132522308,17.1252421129954,NA,NA,60.4128475242223,0.578722263369781,2.92044585959903,2.78748199290359,2.97211644032798,2.88675044157441,18.7551514330418,19.737044991491,-19.7665220397358,0.768185322656298,-39.3547553112811,1.42919063037011,-101.441662,-13.754637,NA,-26.99,-12.09,NA,NA,NA,NA,0.57,3.85,0.183,-30.3312986224965,NA,"Reservoir","Summer"
"RO2.49",NA,"RO2-49","RO2",2016,2,220,"2016-08-07","Reservoir",NA,51.02136,-63.30664,NA,NA,"main ","31.8",NA,NA,NA,NA,NA,NA,NA,NA,NA,NA,NA,NA,NA,NA,NA,NA,NA,NA,135.314400977444,139.820289826107,727.7,20.32,109.8,114.866873306,9.94,14,6.44,59.897111567126,2.9,2.3,21.2,70.1,979.5,1848000,11750,4.42044009977882,2.15402307199316,0.122234992522966,4.32247682961817,NA,0.1664595,0.00173400000000158,NA,NA,NA,NA,NA,NA,NA,NA,61.14,5.39511853556067,0.0475142542763281,1.11233370011003,0.00400120036008899,NA,NA,NA,NA,"0.11684077700099743",0.0656709318237963,0.0886835697719407,0.0328984489759989,0.0240224878062617,NA,2.7636,817.734090876424,4.09269789540747,139.577663268393,0.87253839569604,804.516582689856,39.5167104165994,126.680058890619,6.38462890731323,NA,NA,67.3158513218599,1.09837108409307,4.20653034061921,5.15449534828813,4.1598991364411,5.19127404784162,7.83593352031138,11.0817745370189,-18.3600329428122,0.438933285257056,-46.2548295555021,0.356439001160211,-101.301541,-13.782325,NA,-26.93,-11.61,NA,NA,NA,NA,0.74,4.86,0.23,-30.939460991824,NA,"Reservoir","Summer"
"RO2.50",NA,"RO2-50","RO2",2016,2,220,"2016-08-07","Reservoir",NA,51.05091,-63.19594,NA,NA,"main","49.5",NA,NA,NA,NA,NA,NA,NA,NA,NA,NA,NA,NA,NA,NA,NA,NA,NA,NA,141.580598472215,139.873211677078,728.1,19.87,109.3,114.123601871969,9.97,13,6.38,34.64708621109,3.1,2.6,20.3,68.9,979.9,1840500,2500,2.29895606594419,1.534,0.102266666666668,3.71199228752836,0.0678316157877541,0.1639265,0.00741800000000013,NA,NA,NA,NA,NA,NA,NA,NA,60.891,5.41712513754126,0.0415124537361011,1.07282184655397,0.0175052515754717,NA,NA,NA,NA,"0.12732198846233445",0.0663863576032358,0.0885602816141227,0.0311929363555336,0.0289457106967739,NA,2.9939,885.521496693553,1.68674630365967,128.650054640425,1.13824663720271,767.44284043349,10.6507297310624,107.313827108863,3.01322998894986,NA,NA,109.027319241329,1.24355927437369,5.7754222392492,6.28188431406421,5.79646875560892,6.41829365352558,16.7159862476234,17.5315556314332,-18.3460642956864,0.400623543052949,-42.7475437782541,0.17856885527477,-100.409581,-13.647932,NA,-27.23,-11.61,NA,NA,NA,NA,0.57,3.48,0.165,-30.6559548319898,NA,"Reservoir","Summer"
"RO2.52",NA,"RO2-52","RO2",2016,2,221,"2016-08-08","Reservoir",NA,50.94286,-63.34372,NA,NA,"main","41.2",NA,NA,NA,NA,NA,NA,NA,NA,NA,NA,NA,NA,NA,NA,NA,NA,NA,NA,132.226986949013,140.357390405969,731.5,19.19,109.7,113.851687723357,10.13,14,6.27,46.3143038528372,1.8,1.6,18.6,79.6,985.9,1450200,4000,4.574618927674,1.8032119205298,0.330165562913907,5.5434459137978,0.135663231575495,0.1447965,0.00176100000000003,NA,NA,NA,NA,NA,NA,NA,NA,63.942,5.32859857957387,0.0430129038711139,1.12883865159548,0.00250075022513262,NA,NA,NA,NA,"0.12309533546772353",0.0693201549409057,0.0793474311824248,0.0365100354891884,0.0224119962670419,NA,3.10905,946.991698359908,16.4832532088008,103.104395484362,0.40741005275818,1006.23273025214,65.8395798620727,84.7036395150841,2.11585613958256,NA,NA,144.403477922224,1.24542760524715,6.64763207347449,7.77085035253145,6.82407147756456,8.11558097668716,15.5021588606724,21.3117286230034,-20.804583364681,0.154505346925816,-29.1045118811915,0.809796310156938,-101.803949,-13.844679,NA,-27.05,-12.66,NA,NA,NA,NA,0.52,3.37,0.163,-30.8640752832618,NA,"Reservoir","Summer"
"RO2.54",NA,"RO2-54","RO2",2016,2,221,"2016-08-08","Reservoir",NA,50.86029,-63.18496,NA,NA,"main","77.099999999999994",NA,NA,NA,NA,NA,NA,NA,NA,NA,NA,NA,NA,NA,NA,NA,NA,NA,NA,111.515168447591,157.807217316441,732,20.31,106.1,110.609288413095,9.63,13,6.37,60.3722029339286,2.3,2.1,19.5,82.2,985.1,1411800,25000,4.968246348892,1.84180921052632,0.176611842105265,7.57839438743052,0.406989694726533,0.1457805,0.00168500000000068,NA,NA,NA,NA,NA,NA,NA,NA,59.299,5.52765829748925,0.0260078023408164,1.03030909272782,0.00400120036014449,NA,NA,NA,NA,"0.12895225361173104",0.070597086430183,0.0851507437110259,0.0362077894373854,0.0261058415488628,NA,3.10905,1002.46989833778,64.299520442613,99.4682450575651,1.16206423808576,1057.48693106601,182.689040973353,77.6038783446047,6.60675939563633,NA,NA,160.588077199682,1.27205447736251,6.92868871031808,8.42161573184851,6.854124916488,8.48440631187027,12.4561883020519,19.185647557643,-20.7461028492733,0.602674231160612,-46.3044345038136,0.732195756257979,-101.916503,-13.891049,NA,-27.01,-12.29,NA,NA,NA,NA,0.53,3.72,0.176,-31.7224864091314,NA,"Reservoir","Summer"
"RO2.56",NA,"RO2-56","RO2",2016,2,223,"2016-08-10","Reservoir",NA,50.7984,-63.20644,NA,NA,"bay","1.8",NA,NA,NA,NA,NA,NA,NA,NA,NA,NA,NA,NA,NA,NA,NA,NA,NA,NA,103.564760211448,158.652070200338,740.8,19.5,98.5,101.06623417711,9.05,13,6.28,53.2120005231172,5.7,3.2,28.3,47.2,996.1,2895800,277800,4.31548203078903,1.3039,0.0767000000000006,11.7161229504837,0.203494847363293,0.216774,0.0174974999999998,NA,NA,NA,NA,NA,NA,NA,NA,53.012,5.87826347904371,0.0375112533760007,1.50445133540062,0.0610183054916445,NA,NA,NA,NA,"0.13876398916989774",0.0721497082819816,0.0923301475180353,0.037946577569982,0.0336692266464933,NA,3.2242,2251.61753563863,11.0104888150624,250.914657765974,8.99684143039849,1997.19641993726,118.612147193669,203.239082978936,9.90855098998475,NA,NA,111.955893755628,0.520683796496225,1.52593679477604,1.32886773037496,1.55035866771807,1.37397296084143,41.568495867843,32.5118745318299,-22.1629832522074,0.203238931770095,-65.0732565896235,0.304123695387369,-101.867552,-13.978677,NA,-26.99,-16.8,NA,NA,NA,NA,0.44,2.98,0.141,-31.3994596040263,NA,"Reservoir","Summer"
"RO2.57",NA,"RO2-57","RO2",2016,2,223,"2016-08-10","Reservoir",NA,50.75955,-63.2112,NA,NA,"main","76.099999999999994",NA,NA,NA,NA,NA,NA,NA,NA,NA,NA,NA,NA,NA,NA,NA,NA,NA,NA,99.3412395072624,158.79241966093,739.6,19.39,95,98.1046789469097,8.79,13,6.2,45.8695925842378,5.8,5.2,22.3,64,995,1581125,30375,2.49888940211761,1.23655881339878,0.120039826057006,9.95250094000203,0.881811005240835,0.187456,0.00787049999999981,NA,NA,NA,NA,NA,NA,NA,NA,59.686,5.55266579973992,0.0470141042312592,1.11433430029009,0.0210063018905779,NA,NA,NA,NA,"0.13016137058965566",0.0726155189652086,0.0847685122231923,0.0379934532068413,0.02325378246966,NA,2.9939,1311.67649432286,0.355209998225973,128.443786253938,3.82408231205881,906.791233723834,269.98729824208,82.7409750064294,26.37668308849,NA,NA,242.668801860149,1.91793654809551,6.71584017153739,9.61017564449915,6.81494591746822,9.88008042887802,28.9864594759855,28.1948574224926,-21.6398154104657,1.27366242904631,-34.399152292857,2.63373930913478,-101.362646,-14.073691,NA,-27.14,-13.68,NA,NA,NA,NA,0.39,2.1,0.082,-30.0199745809215,NA,"Reservoir","Summer"
"RO2.59",NA,"RO2-59","RO2",2016,2,224,"2016-08-11","Reservoir",NA,50.71978,-63.2624,NA,NA,"side","1.9",NA,NA,NA,NA,NA,NA,NA,NA,NA,NA,NA,NA,NA,NA,NA,NA,NA,NA,96.1406438920979,159.076881662963,733.7,17.43,100.1,103.33522553566,9.56,15.1,5.87,4.89956455506221,NA,5.2,22.3,NA,NA,2001000,5000,8.26465069530193,0.741433333333333,0.0766999999999998,10.9021435610306,0.067831615787741,0.2407705,0.0116250000000001,NA,NA,NA,NA,NA,NA,NA,NA,164.958,7.28768630589177,0.0835250575172237,0.756727018105432,0.0175052515754717,NA,NA,NA,NA,"0.16655267632403742",0.0792259909809555,0.100915807528483,0.051968970883036,0.026649858358763,NA,4.8363,1093.20425833428,10.0323599045095,190.316742297713,1.03064408178079,1005.95320308218,117.860444145191,189.67055524513,61.9802276305814,NA,NA,101.964595788268,0.675587583114832,3.50698452155266,2.18234610516705,3.74056597814165,2.3549088829828,174.495908928029,74.982483206801,-21.268120174641,0.142986578091232,-54.3066854682762,0.472633632113755,-73.453871,-10.800549,NA,-26.79,-18.26,NA,NA,NA,NA,0.52,5.82,0.182,-28.457419321025,NA,"Reservoir","Summer"
"SW35",NA,"SW35",NA,2016,2,218,"2016-08-05","Soilwater",NA,51.21284,-63.92261,NA,NA,NA,NA,NA,NA,NA,NA,NA,NA,NA,NA,NA,NA,NA,NA,NA,NA,NA,NA,NA,NA,243.521380492902,0.270598933715,NA,NA,NA,NA,NA,NA,NA,NA,NA,NA,NA,NA,NA,NA,NA,NA,NA,NA,NA,NA,NA,NA,NA,NA,NA,NA,NA,NA,NA,NA,NA,5.79367485096494,0.0474891381226537,5.12074365969486,0.0323330302111793,NA,NA,NA,NA,NA,NA,NA,NA,NA,NA,17.38765,NA,NA,NA,NA,16292.352913167,329.627479874028,2327.45588393626,57.555198098816,NA,NA,NA,NA,NA,NA,NA,NA,2561.92749439694,263.825770174251,-27.0105248614202,0.212836432530098,-75.3134908424012,0.228605165723058,-97.832671,-13.822673,NA,-26.7,-21.96,NA,NA,NA,NA,NA,NA,NA,NA,NA,"Soilwater","Summer"
"SW37",NA,"SW37",NA,2016,2,220,"2016-08-07","Soilwater",NA,51.20212,-63.9233,NA,NA,NA,NA,NA,NA,NA,NA,NA,NA,NA,NA,NA,NA,NA,NA,NA,NA,NA,NA,NA,NA,245.299564987046,0.039983276564,NA,NA,NA,NA,NA,NA,NA,112.766662833483,NA,NA,NA,NA,NA,NA,NA,NA,NA,NA,NA,NA,NA,NA,NA,NA,NA,NA,NA,NA,NA,NA,NA,11.1255936142265,0.181873294937893,4.84237647772052,0.0298070122258708,NA,NA,NA,NA,"0.0498243956248385",0.0614185704819986,0.0458027336725918,0.0412458547080329,0.172829178894922,NA,10.3635,NA,NA,NA,NA,15418.9367161168,3701.36324740162,74018.4807235304,56890.1379186622,NA,NA,NA,NA,NA,NA,NA,NA,1529.25567422036,135.584994191749,-20.1207197311664,2.19410553454386,-61.8588329739636,1.63434481705466,-97.828933,-13.722442,NA,-26.31,-17.81,NA,NA,NA,NA,NA,NA,NA,NA,NA,"Soilwater","Summer"
"SW39",NA,"SW39",NA,2016,2,220,"2016-08-07","Soilwater",NA,51.18631,-63.93174,NA,NA,NA,NA,NA,NA,NA,NA,NA,NA,NA,NA,NA,NA,NA,NA,NA,NA,NA,NA,NA,NA,248.005957403505,0.005347307504,NA,NA,NA,NA,NA,NA,NA,6.71937312919149,NA,NA,NA,NA,NA,NA,NA,NA,NA,NA,NA,NA,NA,NA,NA,NA,NA,NA,NA,NA,NA,NA,NA,32.5836111953117,0.353642517934735,2.34262907951905,0.0459735273315166,NA,NA,NA,NA,NA,NA,NA,NA,NA,NA,23.14515,NA,NA,NA,NA,16192.9343693718,481.24242207462,21614.4360823285,1316.81723043418,NA,NA,NA,NA,NA,NA,NA,NA,180.272684993855,77.6875400632128,-23.6833469224242,0.160927189958299,-70.5776644940347,0.364984973555294,-91.735939,-12.845514,NA,-26.52,-22.97,NA,NA,NA,NA,NA,NA,NA,NA,NA,"Soilwater","Summer"
"SW40",NA,"SW40",NA,2016,2,222,"2016-08-09","Soilwater",NA,51.303572,-63.869197,NA,NA,NA,NA,NA,NA,NA,NA,NA,NA,NA,NA,NA,NA,NA,NA,NA,NA,NA,NA,NA,NA,231.85864283265,1.344079595837,NA,NA,NA,NA,NA,NA,NA,111.396199934377,NA,NA,NA,NA,NA,NA,NA,NA,NA,NA,NA,NA,NA,NA,NA,NA,NA,NA,NA,NA,NA,NA,NA,3.56168535919976,0.0757805395574463,2.83368697585127,0.0277861978377439,NA,NA,NA,NA,"0.0164259497711622",0.026798547606405,0.0250702425364037,0.0296242026117331,0.0692490006735131,NA,4.8363,NA,NA,NA,NA,12327.4443522709,785.577733423607,21515.2837458247,4456.34225491796,NA,NA,NA,NA,NA,NA,NA,NA,NA,NA,-26.1776222811039,0.226939910884599,-62.7438188172268,0.178180835353741,-102.056526,-14.341491,NA,-26.89,-20.55,NA,NA,NA,NA,NA,NA,NA,NA,NA,"Soilwater","Summer"
"SW43",NA,"SW43",NA,2016,2,223,"2016-08-10","Soilwater",NA,51.30408,-63.85194,NA,NA,NA,NA,NA,NA,NA,NA,NA,NA,NA,NA,NA,NA,NA,NA,NA,NA,NA,NA,NA,NA,230.561935597167,3.067848406887,NA,NA,NA,NA,NA,NA,NA,207.200276661298,NA,NA,NA,NA,NA,NA,NA,NA,NA,NA,NA,NA,NA,NA,NA,NA,NA,NA,NA,NA,NA,NA,NA,3.95523896130141,0.0469839345256069,5.30362736182682,0.00707285035870675,NA,NA,NA,NA,"0.0344215706662053",0.0415445015205158,0.0364144117122942,0.0335725056320884,0.0670644311069331,NA,6.33325,NA,NA,NA,NA,45718.3182918151,5474.0982002884,8213.04407040651,1525.44875640647,NA,NA,NA,NA,NA,NA,NA,NA,3707.0322586745,372.826996889831,-26.2919098004572,0.097678301482466,-61.1617609021205,0.0316165337239439,-101.750605,-14.199502,NA,-26.65,-19.47,NA,NA,NA,NA,NA,NA,NA,NA,NA,"Soilwater","Summer"
"LR87",NA,"LR87","LR",2016,3,278,"2016-10-04","River",NA,51.24306,-63.34254,172.231140137,NA,"middle","5",NA,NA,NA,NA,NA,NA,"2.09",NA,NA,NA,NA,NA,NA,NA,NA,NA,NA,NA,170.408234186004,132.719638386599,741.9,7.41,84.4,86.5350713429137,10.15,32,5.07,68.4859997343726,1.7,1.4,6.9,58.8,989.2,NA,NA,NA,1.246375,0.325975,4.46561291218171,0.205748502095381,0.152134,0.0087015,NA,NA,NA,NA,NA,NA,NA,NA,139.364,5.75281974888274,0.0931049159395389,1.2960204298787,0.0223451798254984,NA,NA,NA,NA,"0.109625416197359",0.063828620454221,0.0720046733907392,0.0348846666598095,0.0233640853251836,NA,2.5333,511.667034989998,1.45866381050089,9.86397217988922,1.15581135635606,452.382968269069,14.1265885630982,3.81261046557971,2.79465528016228,NA,NA,4.14503687166794,0.0527325526180777,0.688843712860019,3.08660483151869,1.09873438603748,4.94246174931438,NA,NA,-15.9414444140398,0.5114532683678,-48.6101029051736,8.00169981532865,-100.562963,-13.508976,NA,-27.35,-6.58,NA,NA,NA,NA,0.59,4.51,0.214,-27.7802656770187,NA,"Upriver","Autumn"
"LR89",NA,"LR89","LR",2016,3,282,"2016-10-08","River",NA,50.30912,-63.62273,15.9521389008,NA,"rapids","3.6",NA,NA,NA,NA,NA,NA,"4",NA,NA,NA,NA,NA,NA,NA,NA,NA,NA,NA,11.4950662413115,172.335153008942,762.7,12.07,108.6,108.228180604809,11.69,13,6.69,55.3516535277499,5.6,3.6,13.4,84,1018.5,NA,NA,NA,0.9971,0.115050000000001,8.37483445199389,0.685828340317934,0.213225,0.00121750000000351,NA,NA,NA,NA,NA,NA,NA,NA,168.377,6.03585869333901,0.0367099382846266,1.2167482443073,0.0133007022770777,NA,NA,NA,NA,"0.132734474393827",0.0738808484010047,0.0764596268676636,0.0384238344179775,0.0231983701236876,NA,3.2242,820.113160162255,12.2722775743391,21.7476553238252,0.973501101521538,793.656156308211,29.6120313561804,16.2201254518483,0.817426053376839,NA,NA,100.263660821366,0.165644031042863,4.87293651256342,4.53545715605914,6.4601543151469,6.0705018695471,NA,NA,-19.7438705283591,0.287469107449048,-49.5119064005671,2.20067585580744,-98.238872,-13.364621,NA,-27.04,-12.79,NA,NA,NA,NA,0.54,3.18,0.151,-29.4674798654858,NA,"Downriver","Autumn"
"LR91",NA,"LR91","LR",2016,3,283,"2016-10-09","River",NA,50.30938,-63.34078,39.4583282471,NA,"side","2.5",NA,NA,NA,NA,NA,NA,NA,NA,NA,NA,NA,NA,NA,NA,NA,NA,NA,NA,36.7954447215151,170.602725205627,755.8,12.39,93,93.5396622584613,9.94,12,6.36,58.0070905931708,8.1,6.7,11.5,79.1,1020.3,NA,NA,NA,1.34225,0.11505,8.44341728602569,0.068582834031926,0.204448,0.0163545,NA,NA,NA,NA,NA,NA,NA,NA,121.741,6.00180889550968,0.0335177697382866,1.49765907639923,0.0654394552032358,NA,NA,NA,NA,"0.13416014743832",0.0747545798195777,0.0748673783791228,0.0410686488318416,0.0200382193684839,NA,3.2242,1176.65949316639,5.49933586868713,61.4159281616989,0.945555502695967,957.470345708026,79.5700022776741,40.2818018726837,7.16652374043481,NA,NA,261.226821326221,0.80607532669088,6.86965899956691,7.35814642659285,8.40963867804184,9.07502259970835,NA,NA,-21.7152236120125,0.307882216659648,-27.9204158077248,2.19645214060133,-98.153406,-13.4592,NA,-27.12,-15.92,NA,NA,NA,NA,0.57,4.43,0.21,-31.039025612335,NA,"Downriver","Autumn"
"LR93",NA,"LR93","LR",2016,3,283,"2016-10-09","River",NA,50.38188,-63.26693,50.8062133789,NA,"rapids","18.399999999999999",NA,NA,NA,NA,NA,NA,"4",NA,NA,NA,NA,NA,NA,NA,NA,NA,NA,NA,48.1412106213299,170.040155469569,756.6,12.23,86.5,86.9221607380837,9.28,12,6.1,61.8005266924963,4.7,3.7,12.3,71.7,1021.8,NA,NA,NA,0.479375,0.0958750000000001,7.75758894570776,0.0685828340317706,0.2025705,0.0060670000000011,NA,NA,NA,NA,NA,NA,NA,NA,123.952,5.99010427750585,0.0377739944669252,1.58810385188338,0.0133007022770777,NA,NA,NA,NA,"0.133421813958114",0.0693088494765189,0.0811990802397898,0.0314231123432767,0.0159358935058377,NA,3.10905,1594.63277656863,7.19712531707216,75.6348399159151,2.87392654638228,1217.44575493615,216.241586214522,38.7098943237127,2.06519554698675,NA,NA,313.945361474649,0.761470477588442,5.31711463880108,5.57709179396256,6.53903989796358,6.90909534681588,NA,NA,-24.1928661974835,0.0254101813927345,-30.9248265891861,0.272711705031327,-98.541004,-13.624553,NA,-27.25,-16.63,NA,NA,NA,NA,0.55,3.28,0.155,-28.3558627088232,NA,"Downriver","Autumn"
"LR95",NA,"LR95","LR",2016,3,285,"2016-10-11","River",NA,50.31228,-63.55656,21.1485099792,NA,"side","2.2999999999999998",NA,NA,NA,NA,NA,NA,"1",NA,NA,NA,NA,NA,NA,NA,NA,NA,NA,NA,17.3223492492706,171.957850984579,769,10.61,104.4,103.095404435322,11.61,16,6.09,51.9897398935869,2.1,1.8,6,56.4,1025.4,NA,NA,NA,1.131325,0.0958749999999991,7.75758894570776,0.205748502095381,0.1889265,0.00499100000000014,NA,NA,NA,NA,NA,NA,NA,NA,149.776,6.03639072143009,0.0266014045542221,1.23749733985954,0.00744839327517277,NA,NA,NA,NA,"0.133792714146359",0.0665687384229501,0.0783261581410858,0.0300865999697296,0.0216861802817855,NA,3.2242,934.783396229189,13.7725269440856,23.2687797162153,0.41559142611777,813.566564341003,20.8902193587998,16.8151977356021,1.12522042312882,NA,NA,36.7736868510149,0.0824200173923001,1.33093466136985,1.99105678434015,1.86752679829113,2.81567562400809,NA,NA,-20.5357706391706,0.131797245359573,-42.4202281983121,0.244518230684566,-98.30864,-13.551569,NA,-27.12,-13.6,NA,NA,NA,NA,0.54,2.95,0.14,-29.5873558178085,NA,"Downriver","Autumn"
"RO1.14",NA,"RO1-14","RO1",2016,3,279,"2016-10-05","Reservoir",NA,50.627,-63.18769,NA,NA,"middle","17.100000000000001",NA,NA,NA,NA,NA,NA,NA,NA,NA,NA,NA,NA,NA,NA,NA,NA,NA,NA,80.7811241530686,160.434138552292,758.1,12.5,82.9,83.7059325813744,8.9,12,5.56,61.8005266924963,0.9,0.8,13.7,70.5,1012.7,NA,NA,NA,0.42185,0.11505,5.76868675878577,0.137165668063619,0.190361,0.00382850000000081,NA,NA,NA,NA,NA,NA,NA,NA,99.258,5.67275323880445,0.0561052738957829,1.63062327858819,0.00663062327863829,NA,NA,NA,NA,"0.13078390360690997",0.0694437759485594,0.0734184968095741,0.0365794725645965,0.0210357090211629,NA,2.87875,1760.10781065056,46.3681103555635,47.3355560894364,0.767749257447772,1426.11400903608,35.4106779781436,37.4919711855432,1.96824454265585,NA,NA,27.3606850085281,0.0372179311709267,0.410247263198238,0.445415545603914,0.534987032581989,0.58672625270971,NA,NA,-23.0636077536136,0.0654095453856147,-36.4955892467786,0.331818423737072,-100.095342,-13.593327,NA,-27.07,-17.14,NA,NA,NA,NA,0.46,2.6,0.123,-29.6941291185605,NA,"Reservoir","Autumn"
"RO1.16",NA,"RO1-16","RO1",2016,3,279,"2016-10-05","Reservoir",NA,50.46288,-63.22878,NA,NA,"bay","2.5",NA,NA,NA,NA,NA,NA,NA,NA,NA,NA,NA,NA,NA,NA,NA,NA,NA,NA,59.0284224417884,169.265811522687,759.1,13.02,94.2,94.1725094916646,9.91,12,6.18,66.3606923524609,4.4,3.6,18.2,58,1009.6,NA,NA,NA,1.7641,0.0766999999999977,10.980982145202,1.23449101257226,0.1947095,0.00169100000000136,NA,NA,NA,NA,NA,NA,NA,NA,110.995,5.97215138222993,0.0351933081709807,1.46893808017954,0.0306028766704089,NA,NA,NA,NA,"0.13216275495736479",0.0735014202823193,0.0762649979466115,0.0380832291281687,0.0246318632777604,NA,2.9939,593.409193387524,25.3001433360877,35.0079091005946,3.03006999675782,1474.01005309871,189.418032638532,424.688720888483,44.5807021223735,NA,NA,230.642968967906,4.77600056436786,25.7961939509533,78.8117907768057,32.9815824163233,101.846134474518,NA,NA,-20.1682958613078,1.29648439424841,-56.8328907082406,0.2551721184492,-98.392831,-13.35361,NA,-27.45,-14.86,NA,NA,NA,NA,0.55,2.86,0.136,-32.8906091909913,NA,"Reservoir","Autumn"
"RO1.18",NA,"RO1-18","RO1",2016,3,281,"2016-10-07","Reservoir",NA,50.44173,-63.22261,NA,NA,"bay/tributary","1.4",NA,NA,NA,NA,NA,NA,NA,NA,NA,NA,NA,NA,NA,NA,NA,NA,NA,NA,56.6590783363616,169.430640540359,754.1,12.91,86.6,87.3119065216885,9.15,13,6.25,39.4493240966028,8.5,5.8,19.8,47.4,1006.7,NA,NA,NA,1.80245,0.306799999999999,11.7353933195517,0.48007983822252,0.242548,0.00646749999999986,NA,NA,NA,NA,NA,NA,NA,NA,386.966,7.15393246965215,0.0244823013361646,1.59798021013975,0.0433540752830772,NA,NA,NA,NA,"0.14469074934540141",0.0746044621522211,0.0779847810367377,0.0388489640524768,0.0240933388533889,NA,4.95145,1735.78280347311,27.1052468256197,789.694847177184,13.9143546306663,971.546669421699,271.158940471523,505.930902498922,108.22873284667,NA,NA,106.867657742698,2.23081345724902,1.65374012611442,1.55718772944091,1.99462268921882,1.89308776132037,NA,NA,-21.2111440122903,0.471080850302638,-47.1699417109709,0.0923592027905793,-92.170838,-12.330751,NA,-27.52,-15.4,NA,NA,NA,NA,0.84,5.89,0.279,-31.7493543375824,NA,"Reservoir","Autumn"
"RO1.20",NA,"RO1-20","RO1",2016,3,281,"2016-10-07","Reservoir",NA,50.40596,-63.23398,NA,NA,"middle","30.4",NA,NA,NA,NA,NA,NA,NA,NA,NA,NA,NA,NA,NA,NA,NA,NA,NA,NA,52.1023113207515,169.654281259881,756.8,12.52,85,85.3011505383067,9.05,12,6.28,49.856094052719,6.6,5.5,19.7,43.4,1007.5,NA,NA,NA,1.284725,0.134225,9.67790829859795,2.12606785498558,0.3050615,0.012605,NA,NA,NA,NA,NA,NA,NA,NA,127.071,6.06884443498617,0.0590551181102271,1.60725686316237,0.028197488827423,NA,NA,NA,NA,"0.13302764999363925",0.0725216216567317,0.0719421671061097,0.036418305490751,0.0280020602062063,NA,2.7636,1387.7615837524,19.3480277545212,76.9368390049279,1.12550633158295,1125.67694540066,5.94549195845661,62.2893639054557,6.53110117803172,NA,NA,325.256094518171,1.16161151495375,6.73695601479218,8.44443457036548,8.21652638364566,10.3772490634964,NA,NA,-21.7568628778858,0.185629226724917,-22.7097873322599,0.781204948004216,-98.702232,-13.224323,NA,-27.08,-16.8,NA,NA,NA,NA,0.44,2.04,0.097,-31.284010171075,NA,"Reservoir","Autumn"
"RO2.62",NA,"RO2-62","RO2",2016,3,278,"2016-10-04","Reservoir",NA,50.93389,-63.35667,NA,NA,"side bay","11.6",NA,NA,NA,NA,NA,NA,NA,NA,NA,NA,NA,NA,NA,NA,NA,NA,NA,NA,133.54294877274,140.357390405969,744.7,12.27,76.5,78.1030898245588,8.2,16,5.96,47.4456680882031,1.9,0.6,15,35,992.4,NA,NA,NA,1.2272,0.076700000000002,6.04301809491294,0.274331336127173,0.1658125,0.00555000000000028,NA,NA,NA,NA,NA,NA,NA,NA,103.144,5.84220046818472,0.0281974888274308,1.48435837412215,0.00851244945730996,NA,NA,NA,NA,"0.12681711667825782",0.0703194489138269,0.0682254233096703,0.0362281836974955,0.0188832626453782,NA,2.87875,1240.33080690344,5.86555727970301,127.259709061644,0.3501045622953,1044.56281626914,NA,105.348376726395,NA,NA,NA,81.5634681857873,0.481631409111786,1.97284343343563,2.08013319626953,2.59543784052489,2.76352663283923,NA,NA,-21.1301052715113,NA,-31.6619752195948,NA,-98.557728,-13.241041,NA,-27.15,-14.92,NA,NA,NA,NA,0.43,2.02,0.096,-29.4775843990072,NA,"Reservoir","Autumn"
"RO2.64",NA,"RO2-64","RO2",2016,3,278,"2016-10-04","Reservoir",NA,50.72024,-63.26245,NA,NA,"side","2.5",NA,NA,NA,NA,NA,NA,NA,NA,NA,NA,NA,NA,NA,NA,NA,NA,NA,NA,96.1806438920979,159.076881662963,749,8.14,77,78.0613955079029,9.08,13,5.55,21.4470074610898,3.2,2.1,15,25.5,993.5,NA,NA,NA,0.9204,0.0383500000000017,7.82617177973955,0.137165668063593,0.1941325,1.90000000191031e-05,NA,NA,NA,NA,NA,NA,NA,NA,118.155,7.06054479676527,0.0154288146413231,1.98606086401362,0.0228772079165776,NA,NA,NA,NA,"0.1540599986954134",0.0769169529855744,0.084812453697249,0.0442139479945788,0.0210597396321684,NA,3.6848,2158.93622554039,45.3416953457481,84.1600107620935,1.47357947301701,1322.14650566601,NA,56.3165438840649,NA,NA,NA,182.198015064094,0.354256098243882,1.81937578574838,2.10666756857566,2.81732406179266,3.27784404179131,NA,NA,-23.0951818905216,NA,-51.5653261438278,NA,-92.986182,-12.999473,NA,-27.16,-19.41,NA,NA,NA,NA,0.54,2.88,0.137,-30.1175055661446,NA,"Reservoir","Autumn"
"RO2.66",NA,"RO2-66","RO2",2016,3,280,"2016-10-06","Reservoir",NA,50.88889,-63.22779,NA,NA,"middle","51.2",NA,NA,NA,NA,NA,NA,NA,NA,NA,NA,NA,NA,NA,NA,NA,NA,NA,NA,116.40510049464,155.632616662501,743.4,12.53,97.3,99.5256630500164,10.37,13,5.99,92.6598134730726,0.4,0.1,12.7,78.7,990.6,NA,NA,NA,0.977925,0.0575249999999987,6.11160092894473,0.754411174349717,0.2051895,0.0235539999999998,NA,NA,NA,NA,NA,NA,NA,NA,100.706,5.85071291764205,0.0558629495637615,1.41838689082784,0.00532028091086112,NA,NA,NA,NA,"0.12507174808240989",0.0663448108068995,0.0703240779884467,0.0328536359569472,0.0244053377581837,NA,2.64845,1166.12831631595,37.6422399067152,56.0424282182445,0.293685355245724,783.800565358508,NA,31.1260197372315,NA,NA,NA,26.6097268277334,0.0854262877968235,0.712786098938541,0.858036164160375,0.928452237236517,1.12899986291922,NA,NA,-21.2919175974078,NA,-24.7137795550753,NA,-99.060742,-13.639864,NA,-27.12,-13.88,NA,NA,NA,NA,0.5,2.31,0.11,-29.969543825228,NA,"Reservoir","Autumn"
"RO2.68",NA,"RO2-68","RO2",2016,3,280,"2016-10-06","Reservoir",NA,50.8407,-63.184,NA,NA,"middle","78",NA,NA,NA,NA,NA,NA,NA,NA,NA,NA,NA,NA,NA,NA,NA,NA,NA,NA,109.059892001092,157.879462392256,743.1,12.59,95.2,97.2965428044043,10.12,12,6.27,63.7713830806245,4,2.4,19,55.9,987,NA,NA,NA,0.939575,0.0575250000000007,6.11160092894473,0.0685828340317706,0.2306005,0.00224099999999972,NA,NA,NA,NA,NA,NA,NA,NA,93.821,5.8395403277293,0.00532028091111153,1.46307725047883,0.020217067461147,NA,NA,NA,NA,"0.12636443025280003",0.0695680922558219,0.0748198038301174,0.034887650281854,0.0217858043913621,NA,2.5333,1275.98070359341,25.0142899228621,57.0266614909758,2.19386910454846,1096.00882982902,15.7485902763254,59.8448688317968,1.33518481666302,NA,NA,223.056017291206,0.63855740992816,5.2278855233612,6.28716933924688,6.79411275752287,8.25430453551863,NA,NA,-20.6318843004534,0.311912189100109,-35.3109130593431,0.247880709573231,-99.113021,-13.734811,NA,-27.05,-15,NA,NA,NA,NA,0.43,1.77,0.084,-32.1642951766719,NA,"Reservoir","Autumn"
"RO2.70",NA,"RO2-70","RO2",2016,3,282,"2016-10-08","Reservoir",NA,51.04995,-63.206,NA,NA,"side","22",NA,NA,NA,NA,NA,NA,NA,NA,NA,NA,NA,NA,NA,NA,NA,NA,NA,NA,141.120598472215,139.873211677078,740.4,11.83,77.7,79.7686915435032,8.41,18,5.62,57.2002766612982,5.6,4.5,13.8,72.8,986.4,NA,NA,NA,1.4573,0.26845,5.83726959281756,0.205748502095381,0.156105,0.00170550000000065,NA,NA,NA,NA,NA,NA,NA,NA,110.77,5.96297084486061,0.0159608427326668,1.54926580123431,0.0127686741859693,NA,NA,NA,NA,"0.12942759963350414",0.0683317014753336,0.0733375155340391,0.0361489421945902,0.0182530837179677,NA,2.64845,1148.89885149311,37.4285853459473,66.2157681192271,2.17020152213796,904.550279029271,95.1190750852553,47.8445529553671,5.79386542250184,NA,NA,104.876690073014,0.412122879057489,2.80926058357099,3.42005740728529,3.49496378763493,4.28454225079612,NA,NA,-20.3150545352312,0.425429025839986,-36.638918167573,1.65512857986074,-97.074324,-13.369298,NA,-27.22,-15.51,NA,NA,NA,NA,0.48,2.17,0.103,-33.1309908947647,NA,"Reservoir","Autumn"
"RO2.72",NA,"RO2-72","RO2",2016,3,283,"2016-10-09","Reservoir",NA,50.96581,-63.30664,NA,NA,"middle","68.5",NA,NA,NA,NA,NA,NA,NA,NA,NA,NA,NA,NA,NA,NA,NA,NA,NA,NA,128.047691285596,140.288643649836,736.1,11.7,13.9,14.17308663801,1.49,16,5.29,73.0436705326916,6.2,4.1,12.8,68.3,980.8,NA,NA,NA,0.671125,0.134225,5.76868675878577,0.274331336127186,0.227364,0.00921850000000016,NA,NA,NA,NA,NA,NA,NA,NA,125.273,5.95020217067461,0.0180889550968836,1.38593317727176,0.00159608427327225,NA,NA,NA,NA,"0.1273130271081806",0.0648397560877462,0.0759476548954629,0.0301706962215069,0.0233522130235616,NA,2.64845,1093.75032149551,15.0737913462364,23.8585644473651,0.251246675210096,969.349430689605,60.6461080428589,18.009290067465,1.54181407701753,NA,NA,192.152918639943,0.261975798781031,5.53781478018777,6.31408969078366,6.91552550006734,7.93902677875589,NA,NA,-20.5100897687366,0.0925855666702553,-12.6804927290858,2.73768402257616,-98.838702,-13.562217,NA,-26.97,-13.79,NA,NA,NA,NA,0.56,2.78,0.132,-27.4535743255715,NA,"Reservoir","Autumn"
"RO2.74",NA,"RO2-74","RO2",2016,3,283,"2016-10-09","Reservoir",NA,51.08523,-63.38708,NA,NA,"middle","16.2",NA,NA,NA,NA,NA,NA,NA,NA,NA,NA,NA,NA,NA,NA,NA,NA,NA,NA,148.970523535779,134.846733942624,737.2,10.2,14.7,15.0460822252105,1.64,17,5.75,69.2448128915768,6.7,6.3,11.7,57.9,982.3,NA,NA,NA,0.8437,0.0383500000000003,5.35718975459501,0,0.1911065,0.031334,NA,NA,NA,NA,NA,NA,NA,NA,153.76,5.55277718663545,0.0143647584591874,1.35347946371568,0.00744839327517277,NA,NA,NA,NA,"0.11271100213476275",0.0663565111895243,0.0685486494397266,0.035915732473149,0.0155608819268983,NA,2.64845,641.656361966362,18.1823272160579,52.6227956311777,0.392290548515593,690.528900320827,43.692131691457,42.7947704873122,1.05664544519218,NA,NA,58.722568795457,0.506787181230792,4.73900656726561,5.15248157923931,6.18420018741679,6.7607043194438,NA,NA,-17.0036651952922,0.337349207301643,-48.2597512575697,0.269374375647579,-99.612695,-13.390941,NA,-27.21,-10.17,NA,NA,NA,NA,1.66,9.8,0.465,-31.9411711594901,NA,"Reservoir","Autumn"
"RO2.76",NA,"RO2-76","RO2",2016,3,285,"2016-10-11","Reservoir",NA,50.76014,-63.21169,NA,NA,"middle","76.5",NA,NA,NA,NA,NA,NA,NA,NA,NA,NA,NA,NA,NA,NA,NA,NA,NA,NA,99.4112395072624,0.000125870063,743.2,11.52,86.4,88.2911117323655,9.41,12,6.22,47.1304210409728,3.3,2.7,7.3,68,995,NA,NA,NA,0.8437,0.0383500000000003,7.41467477554879,0,0.246684,0.0011095000000022,NA,NA,NA,NA,NA,NA,NA,NA,102.512,6.22792083422005,0.0212811236432775,1.8472015322409,0.0180889550968222,NA,NA,NA,NA,"0.1308593473622878",0.0708994372429598,0.0738419391666356,0.0374517034791644,0.0231834406757515,NA,2.64845,1600.49552040124,0.695164512076872,177.958591191544,0.32300974817899,1448.39550853113,37.3364792994143,141.591580991963,3.0629970361304,NA,NA,214.944375724837,1.10882979975033,3.53835741054709,3.34513630712529,4.79157829252411,4.5704262560621,NA,NA,-22.1852924520371,0.123117899494953,-42.4634067109256,0.104430345384685,-99.307251,-13.481274,NA,-27.02,-16.71,NA,NA,NA,NA,0.41,1.52,0.072,-31.20021802712,NA,"Reservoir","Autumn"
"RO2.77",NA,"RO2-77","RO2",2016,3,285,"2016-10-11","Reservoir",NA,50.65635,-63.26385,NA,NA,"middle","78",NA,NA,NA,NA,NA,NA,NA,NA,NA,NA,NA,NA,NA,NA,NA,NA,NA,NA,88.9214981256587,160.178917467998,743,11.93,92.4,94.1648537172001,9.94,12,6.76,58.481458086899,8.3,2,9.7,55.5,1004,NA,NA,NA,0.479375,0.0575249999999999,5.97443526088115,0.205748502095398,0.2324595,0.00883999999999976,NA,NA,NA,NA,NA,NA,NA,NA,102.584,6.00978931687593,0.0106405618212214,1.78921047031283,0.00478825281977037,NA,NA,NA,NA,"0.12196398507130184",0.0680567238886507,0.0685823958368014,0.0379910658117841,0.0250748105387075,NA,2.7636,1448.82031452796,1.66899810247367,51.5530099248327,0.598737869155428,1305.83426320691,81.8869539090516,40.8471727559905,0.0352065182303036,NA,NA,174.598425384478,0.316716765022404,3.33861332057205,3.42358688073239,4.44998638243309,4.60630727812471,NA,NA,-22.2507952704385,0.433469436251752,-35.1263556436989,1.16814632600322,-99.115271,-13.374372,NA,-26.86,-16.28,NA,NA,NA,NA,0.39,2.13,0.101,-29.3764358656767,NA,"Reservoir","Autumn"
"RO2.77D",NA,"RO2-77D","RO2",2016,3,285,"2016-10-11","Deep",NA,50.65635,-63.26385,NA,NA,"middle","78",NA,NA,NA,NA,NA,NA,NA,NA,NA,NA,NA,NA,NA,NA,NA,NA,NA,NA,88.9214981256587,160.178917467998,NA,NA,NA,NA,NA,NA,NA,88.5248907275239,NA,NA,NA,NA,NA,NA,NA,NA,NA,NA,12.3526388258379,0.685828340317913,0.225333,0.0101375000000001,NA,NA,NA,NA,NA,NA,NA,NA,367.302,6.1502447329219,0.0106405618215553,4.5562885720366,0.0180889550968836,NA,NA,NA,NA,NA,NA,NA,NA,NA,NA,3.2242,4264.76538867163,8.66321749929921,93.2284588637983,0.308570321271375,1161.23668782594,NA,7.44455639837398,NA,NA,NA,NA,NA,NA,NA,NA,NA,NA,NA,-27.2892493248619,NA,38.204377721565,NA,-101.398428,-13.918113,NA,-26.6,-21.28,NA,NA,NA,NA,0.6,4.42,0.21,-27.1205772364709,NA,"Hypolimnion","Autumn"
"T51",NA,"T51","TR",2016,3,282,"2016-10-08","Tributary",NA,50.31005,-63.66122,NA,NA,"side, below rapids","7.5",NA,NA,0.5,NA,NA,NA,NA,NA,NA,NA,NA,NA,NA,NA,NA,NA,NA,NA,8.65351908036416,172.446374400817,763.8,11.04,106.1,105.467302083578,11.68,20,6.36,28.89130026518,2.7,1.2,16.1,70.3,1017.3,NA,NA,NA,0.747825,0.0575250000000007,10.1579881368205,0.685828340317934,0.253252,0.00381450000000217,NA,NA,NA,NA,NA,NA,NA,NA,132.485,6.32634603107044,0.064375399021088,0.726218344328581,0.00478825281974718,NA,NA,NA,NA,"0.130082139813977",0.062164005233271,0.0777985932159388,0.0303074329251994,0.0221251929404862,NA,3.56965,543.522370212877,17.2027631842518,24.3059564988161,1.70134238602974,470.829214499202,43.9085578389887,15.042788527178,1.47238060257642,NA,NA,21.2312257988125,0.138594830490593,3.05054592008246,3.26617375433067,4.20890898534143,4.54408290079905,NA,NA,-14.8641505711679,0.425400450678848,-63.9295722054383,1.60053465811883,-71.23049,-10.138291,NA,-27.34,-13.57,NA,NA,NA,NA,0.48,2.66,0.126,-27.3721667614815,NA,"Tributary","Autumn"
