"samples","Aliphatic_(#)","Aliphatic_(%)","Aliphatic_(%RA)","CHO.1_(#)","CHO.2","CHON_(#)","CHON_(%)","CHOS_(#)","CHOS_(%)","CHO_(#)","CHO_(%)_(%)","Condensed_aromatics_(#)","Condensed_aromatics_(%)","Condensed_aromatics_(%RA)","Highly_Unsaturated_and_Phenolic_(#)","Highly_Unsaturated_and_Phenolic_(%)","Highly_Unsaturated_and_Phenolic_(%RA)","Num.formula_(#)","Peptide_(#)","Peptide_(%)","Peptide_(%RA)","Polyphenolic_(#)","Polyphenolic_(%)","Polyphenolic_(%RA)","Sugars_(#)","Sugars_(%)","Sugars_(%RA)","AI_WeightedAve","AImod_WeightedAve","AveMass","HC_WeightedAve","Mass_WeightedAve","NC_WeightedAve","NOSC_WeightedAve","OC_WeightedAve"
"L313",681,9.25649041728966,9.4922109946361,4652,63.2322957727335,2183,29.6724208237053,522,7.09528340356123,4652,63.2322957727335,209,2.84083186081283,3.26908296773554,5157,70.096506728286,165.779450422001,7357,436,5.92632866657605,1.70784149602192,745,10.1264102215577,17.0628926897363,101,1.37284219111051,0.455106957087991,0.0589714115696381,0.296819489081461,530.878963251869,1.12985767584422,450.69513193833,0.0059307045389243,-0.0282664394740908,0.540735693072196
"L314",564,7.99886540916182,8.2573236168697,4688,66.4870231172883,1879,26.6487023117288,484,6.86427457098284,4688,66.4870231172883,199,2.82229470997022,2.80239779103367,5193,73.6491277832932,169.795883476476,7051,230,3.26194865976457,1.00457479048938,733,10.3956885548149,16.1592608397234,103,1.46078570415544,0.455792533457666,0.0562318543932048,0.296468643660697,542.87032976202,1.12630300706819,454.803364397305,0.00496997718488031,-0.0210147282641148,0.544094882698215
"L315",470,7.45794985718819,7.16312725629646,4316,68.486194858775,1627,25.8172008886068,359,5.69660425261822,4316,68.486194858775,169,2.68168835290384,2.6160841720266,4561,72.3738495715646,170.583034285175,6302,360,5.71247223103777,1.38539732010106,622,9.8698825769597,15.6023190888497,108,1.71374166931133,0.617667759845169,0.0500670939629762,0.296574631439164,540.560725968899,1.12033036460609,451.754759807978,0.00426978696406897,0.00622195610417921,0.55592020534567
"L316",446,7.5286968264686,7.63757487563036,4096,69.1424713031735,1500,25.320729237002,328,5.53679945982444,4096,69.1424713031735,173,2.92032410533423,2.86435583336601,4210,71.0668467251857,169.614319846881,5924,386,6.51586765698852,1.45464686411926,587,9.90884537474679,15.8035163397172,107,1.80621201890615,0.56627199632137,0.0525209370034839,0.296446527262337,531.536742491897,1.12506573772732,442.33240015357,0.00392618957048363,-0.00769334037405237,0.551855868320347
"L317",609,9.05172413793104,9.57713941206349,4287,63.7187871581451,1938,28.8049940546968,503,7.47621878715815,4287,63.7187871581451,196,2.91319857312723,3.64263140270511,4681,69.5749108204519,164.711943759018,6728,439,6.52497027348395,1.65875689903711,667,9.91379310344827,17.7140151638864,102,1.51605231866825,0.477273091662054,0.0588197249036391,0.297960753318401,525.14677969783,1.12858031074888,436.469334123605,0.0054933728494327,-0.0177078204097443,0.545950108977087
"L318",461,7.19300982992667,6.46558720331363,4297,67.0463410828522,1602,24.9960992354501,510,7.95755968169761,4297,67.0463410828522,189,2.94897799968794,2.718029799944,4660,72.710251209237,172.390309412837,6409,245,3.82274925885474,0.728985028700105,675,10.5320642845998,15.0721396259549,146,2.27804649711343,0.907383668359683,0.0466712922657721,0.295051994014682,535.810326694804,1.10739087048098,451.215589450682,0.00391489481405278,0.0599806203776945,0.57656322281648
"L319",339,6.00531443755536,5.40407716647654,4287,75.9433126660762,1034,18.3170947741364,324,5.73959255978742,4287,75.9433126660762,184,3.25952170062002,2.85023044670423,4247,75.2347209920283,173.441026662212,5645,69,1.22232063773251,0.220865874171484,645,11.4260407440213,15.9617093638181,130,2.30292294065545,0.910689935103961,0.0482457965997622,0.303648362249082,551.280433533392,1.09318191507481,456.967923857858,0.00248838827799038,0.0728589612027153,0.578371727679355
"L320",449,7.08201892744479,7.58197910958199,4520,71.2933753943218,1446,22.807570977918,374,5.89905362776025,4520,71.2933753943218,254,4.00630914826498,4.37513477865618,4463,70.3943217665615,164.818093913073,6340,207,3.26498422712934,0.656826582062101,780,12.3028391167192,19.776142788801,144,2.27129337539433,1.00944050435277,0.0589783378391978,0.310481390816646,535.575299283439,1.09043570415287,449.559871891468,0.00353205949913063,0.0632615256859222,0.57051518552571
"LR01",427,7.46764603008045,8.19720503863532,4118,72.0181881776845,1301,22.7527107380203,299,5.22910108429521,4118,72.0181881776845,221,3.86498775795733,4.14928906429787,3984,69.6747114375656,164.263799536164,5718,299,5.22910108429521,1.15311265651539,659,11.5250087443162,19.7197863297206,98,1.71388597411683,0.639853991313575,0.0597544494923828,0.30827619057365,526.347636768276,1.10461057414205,439.029720174602,0.00343957663184412,0.0255159762573719,0.558931212774102
"LR05",415,7.58406432748538,8.48570499355826,4000,73.0994152046784,1188,21.7105263157895,284,5.19005847953216,4000,73.0994152046784,227,4.1483918128655,4.7152188817789,3760,68.7134502923976,161.697077085877,5472,288,5.26315789473684,1.3104663080915,667,12.1893274853801,21.4223150957158,86,1.57163742690058,0.485800842390557,0.0653226263446871,0.314216492852168,524.174900800439,1.10104192505278,439.288079227368,0.00326264918143418,0.0132424824492363,0.551315868195324
"LR06",386,6.96499458679177,7.7590620864393,4201,75.802959220498,1101,19.8664741970408,240,4.33056658246121,4201,75.802959220498,225,4.05990617105738,4.14690170329828,3989,71.9776254059906,165.605316281953,5542,132,2.38181162035366,0.577198377418174,681,12.2879826777337,19.9814485876778,103,1.85853482497294,0.63795130492635,0.0611585110257181,0.311870272982989,534.399466100866,1.09775680055998,441.306737564345,0.00312347082379466,0.0332453337533778,0.559981575865044
"LR12",445,7.74991292232671,8.3492950925158,4232,73.7025426680599,1215,21.1598746081505,295,5.13758272378962,4232,73.7025426680599,245,4.26680599094392,5.10181915410368,3986,69.418321142459,161.512120749208,5742,213,3.70950888192267,0.827712738715014,720,12.5391849529781,21.9671578462518,100,1.7415534656914,0.659456389031312,0.0660410811127346,0.316609832384069,527.560975426158,1.09256922397424,438.166816038667,0.00329015829193637,0.0380467509198974,0.559435712715924
"LR14",457,7.83876500857633,8.35111475486606,4367,74.9056603773585,1124,19.2795883361921,339,5.8147512864494,4367,74.9056603773585,273,4.68267581475129,5.75713508781959,4081,70,160.247409017672,5830,120,2.05831903945112,0.465341541616454,761,13.0531732418525,23.2685359085962,107,1.83533447684392,0.680063009918026,0.070354486375129,0.323283985045528,532.668936314751,1.08301319387918,439.68514483606,0.00286244005680123,0.0447064880482996,0.558641230478022
"LR15",462,7.73092369477911,8.67869142524196,4360,72.958500669344,1297,21.7034805890228,319,5.3380187416332,4360,72.958500669344,255,4.26706827309237,5.26211058647404,4113,68.8253012048193,160.815122317131,5976,249,4.16666666666667,0.913305976015662,743,12.4330655957162,21.838020849551,115,1.9243641231593,0.739249534188569,0.0658992841732324,0.315716547975736,529.977881665663,1.09485029298623,435.131431299045,0.00325901947373745,0.0361706574862879,0.559656468913698
"LR17",430,7.50698324022346,8.40273507145,4323,75.4713687150838,1117,19.5006983240223,288,5.02793296089385,4323,75.4713687150838,248,4.32960893854749,5.38172932638786,3973,69.3610335195531,161.02679007261,5728,207,3.61382681564246,0.814792949943186,724,12.6396648044693,22.0106760324024,111,1.93784916201117,0.726489960756655,0.0669599073835928,0.317081068763239,531.687864261871,1.09252011478054,435.8711114719,0.00290560155625562,0.0377436581528715,0.559847676121256
"LR20",443,7.45540222147426,7.88718261442989,4323,72.7532817233255,1320,22.2147425109391,299,5.03197576573544,4323,72.7532817233255,260,4.37563110063952,5.3846907300941,4071,68.5122854257826,160.456965113042,5942,264,4.44294850218782,0.992054388353893,745,12.5378660383709,22.5547227609478,121,2.03635139683608,0.812914243163192,0.0634552992959411,0.318574388557403,528.835499864355,1.08416156079565,438.896503142627,0.00347354173241781,0.0667040898191917,0.56926277163172
"LR24",367,6.83808459101919,7.3610778302485,4140,77.1380659586361,1010,18.8187069126141,217,4.04322712874977,4140,77.1380659586361,222,4.13638904415875,4.45097110498831,3798,70.7657909446619,163.739466740065,5367,164,3.05571082541457,0.722773785848687,680,12.6700204956214,21.2935548689584,113,2.10545928824296,0.818375420029328,0.0606261754938109,0.316092484052383,531.712095557481,1.08668411408255,443.727906699621,0.00290749154268302,0.059587951157263,0.567983441226396
"LR27",501,7.95996186844614,8.09665152476044,4581,72.7836034318399,1338,21.2583412774071,375,5.9580552907531,4581,72.7836034318399,292,4.63933905306641,5.62047255706142,4265,67.7629488401652,159.597768061297,6294,283,4.49634572608834,0.996557766261687,801,12.7264061010486,23.026147114035,117,1.85891325071496,0.781392922708985,0.0710149250131342,0.321912588646673,530.030053984112,1.08521708031644,441.257263914387,0.00321163776758439,0.0409738422471872,0.557297678004265
"LR31",359,6.52371433763402,7.11506492923516,4422,80.3561693621661,875,15.9004179538434,206,3.74341268399055,4422,80.3561693621661,267,4.85189896420134,5.3762677177178,3898,70.8340904960931,161.967140733906,5503,90,1.63547156096675,0.371805395376681,763,13.8651644557514,23.5029203906732,94,1.7081591858986,0.60274962871915,0.071364721746267,0.327163115272341,540.225340160094,1.07690870455965,444.330349823333,0.00235687393611338,0.0466998618953413,0.557574233164742
"LR32",338,6.23501199040767,6.68989908413988,4299,79.3027116768124,966,17.819590481461,156,2.87769784172662,4299,79.3027116768124,278,5.12820512820513,5.706431371019,3766,69.4705773842464,161.151676916828,5421,132,2.4349750968456,0.480157668805153,773,14.2593617413761,23.9928847451522,102,1.88157166574433,0.703468629322769,0.0712082083676609,0.329067709496254,534.869169308246,1.06961685548478,445.600696309145,0.0025284594032052,0.0666942854590154,0.563798965832766
"LR35",350,6.62126371547484,7.4228088616205,4111,77.7714718123345,959,18.1422625804011,216,4.08626560726447,4111,77.7714718123345,232,4.38895194854332,4.92249560408216,3745,70.8475217555808,162.62138060852,5286,120,2.27014755959137,0.516512863821716,705,13.3371169125993,22.4947373310332,110,2.08096859629209,0.715535468480114,0.0677033223940856,0.320993440624341,529.493832041619,1.08377486286307,438.175033197471,0.00276199750131418,0.0506718053337696,0.5622870895871
"LR37",230,4.50626959247649,3.99399191564141,4195,82.1904388714734,909,17.8095611285266,0,0,4195,82.1904388714734,389,7.62147335423198,10.4987132323208,3396,66.5360501567398,151.152553687796,5104,42,0.822884012539185,0.133020719742705,914,17.9075235109718,33.1823697535984,68,1.33228840125392,0.350462563961007,0.106107939236265,0.371821655530903,525.435218790556,1.00887099028959,446.968169211568,0.0023917948884059,0.113146099782869,0.557420852703543
"LR39",419,7.10169491525424,8.31276419145988,4389,74.3898305084746,1219,20.6610169491525,292,4.94915254237288,4389,74.3898305084746,239,4.05084745762712,4.87663996951843,4177,70.7966101694915,162.484600994225,5900,184,3.11864406779661,0.646740632529576,750,12.7118644067797,21.8562005854214,97,1.64406779661017,0.540562162996848,0.0677451120560897,0.31639282312402,537.714042537966,1.09526811964934,438.030403120462,0.00310250706230534,0.0261334019400213,0.555133736437509
"LR42",411,7.11318795430945,8.1156675595702,4363,75.5105572862582,1131,19.5742471443406,284,4.91519556940118,4363,75.5105572862582,264,4.56905503634476,5.6927380985437,4051,70.110764970578,160.417323573952,5778,165,2.85565939771547,0.584895302683708,756,13.0841121495327,23.4207811903152,85,1.47109726548979,0.524375939323066,0.0724700099116972,0.322872362477864,535.539553623572,1.08538826976123,438.208329873801,0.00300942166086052,0.0367861365487698,0.555678831189922
"LR44",370,6.82782801254844,7.87044481303224,4200,77.5050747370364,1006,18.5643107584425,213,3.93061450452113,4200,77.5050747370364,243,4.48422218121425,5.55572101829815,3798,70.0867318693486,160.526808060356,5419,165,3.04484222181214,0.666135928781234,722,13.323491419081,23.5560136529186,85,1.56855508396383,0.522780512032611,0.0717546338070337,0.323770438618145,533.100053901458,1.08441032075525,437.729841916596,0.00278350773093738,0.0375144145892835,0.556004481130535
"LR45",312,5.56844547563805,6.32870678067594,4512,80.5282884169195,983,17.5441727645904,108,1.92753881849009,4512,80.5282884169195,288,5.14010351597359,6.091038988654,3969,70.8370515795109,160.145007023788,5603,86,1.534892022131,0.338961567282127,820,14.6350169552026,25.4663911772318,91,1.62412993039443,0.589106412730396,0.0770308867867071,0.334982427180232,545.117392502409,1.06303529238775,450.074265186864,0.00267870690806911,0.0645446777386328,0.559455817958726
"LRH04",408,7.32101202225013,8.05055119553129,4275,76.7091333213709,1058,18.984389018482,240,4.30647766014714,4275,76.7091333213709,238,4.27059034631258,4.86552151225329,3888,69.7649380943836,162.502046554864,5573,196,3.51695675578683,0.769928642554328,711,12.7579400681859,21.668636917404,102,1.83025300556254,0.643417612516612,0.0657647266645309,0.317944378829965,535.035240584066,1.09085982174283,441.564363582132,0.00280349361669652,0.0358461723337659,0.55830226615037
"LRH07",329,6.42452645967584,6.95827747967196,4204,82.0933411443078,717,14.0011716461629,200,3.90548720952939,4204,82.0933411443078,257,5.01855106424526,5.61495486984869,3624,70.7674282366726,162.063993105811,5121,60,1.17164616285882,0.239830917676987,730,14.2550283147823,23.555977870851,87,1.69888693614529,0.609850259623584,0.0702421894511426,0.328671807569514,540.358934141769,1.07201296872857,445.749606961585,0.00213185380517553,0.0589194586708345,0.561503883949507
"LRH08",418,5.59646539027983,4.70759315007264,5425,72.6335520149953,1783,23.8720042843754,261,3.49444370062927,5425,72.6335520149953,430,5.75712946846967,7.56916030245064,5199,69.6077118757531,158.339405385992,7469,97,1.2987012987013,0.245399863166594,1133,15.1693667157585,27.851388101507,106,1.41919935734369,0.425996932718109,0.0871004626195773,0.349772610746831,553.306673953407,1.032134178949,476.821586238364,0.00346464994719648,0.10429765588098,0.562498522207758
"LRH11",269,5.30362776025237,6.28123043107048,4199,82.7878548895899,873,17.2121451104101,0,0,4199,82.7878548895899,241,4.75157728706625,5.26235672136674,3606,71.096214511041,162.439366446988,5072,115,2.26735015772871,0.499965872437443,713,14.057570977918,23.5309110147659,94,1.85331230283911,0.688685371929216,0.0669589175735781,0.32884229192068,546.879500041009,1.06835714400644,448.982278445677,0.00245973186875313,0.0745393966246875,0.567758672512362
"LRH14",276,5.4991034070532,6.47847883226252,4072,81.1316995417414,896,17.8521617852162,51,1.01613867304244,4072,81.1316995417414,240,4.78182904961148,5.07661104192982,3569,71.109782825264,163.01069380291,5019,122,2.43076310021917,0.541409739934514,679,13.5285913528591,22.8149394510672,100,1.99242877067145,0.714438635903404,0.0653399798640589,0.326028585897747,537.537641501694,1.07241946350071,445.625302272865,0.00263882996163682,0.0722385744757519,0.56818105975728
"LRH15",451,6.99658703071672,7.7334958272039,4523,70.1675457648154,1583,24.5578653428483,340,5.27458889233633,4523,70.1675457648154,197,3.05615885820664,5.09641686743066,4848,75.2094322060193,164.262511372043,6446,180,2.79242941358982,0.648206385455737,672,10.4250698107353,20.2646770968806,79,1.22556624263109,0.633979927581533,0.0641885314843299,0.312992138783835,558.051158854794,1.10240891229867,422.326136118313,0.0035404648311445,0.0230592830494056,0.55663534012505
"M09",232,4.83534806169238,4.96066757598433,3922,81.7423926636098,828,17.25719049604,48,1.00041684035015,3922,81.7423926636098,256,5.33555648186745,6.07289317132049,3451,71.9258024176741,160.987714160534,4798,89,1.85493955814923,0.476198208212174,707,14.7353063776574,26.5986914383457,36,0.750312630262609,0.163428714208301,0.0729126613144186,0.339267248278375,545.452016546269,1.05172867619666,465.565995122195,0.00273728505637041,0.0851585634594662,0.564172129564473
"M10",296,5.85211546065638,5.799066358962,3838,75.8797943851325,990,19.5729537366548,230,4.54725187821273,3838,75.8797943851325,250,4.94266508501384,5.83990077613953,3640,71.9652036378015,162.257524762828,5058,113,2.23408461842626,0.566211496886039,697,13.7801502570186,24.60968740515,36,0.711743772241992,0.133683500070003,0.06901348110167,0.327091140925497,538.938676197707,1.07254890183972,463.981410882608,0.00336557275157844,0.0549601201277916,0.557940137618701
"M11",314,5.13407455853499,4.61221874675934,4658,76.160889470242,1251,20.4545454545455,207,3.38456507521256,4658,76.160889470242,322,5.2648790058862,6.62931420242184,4440,72.5964682799216,160.138765879258,6116,91,1.48790058862001,0.296414127658453,857,14.0124264224984,27.5243610330444,48,0.78482668410726,0.183340882965348,0.0748420569742978,0.344930588192518,563.815523387835,1.03659068995523,479.587612563141,0.00298662427901592,0.113318180363289,0.569990363545797
"M12",288,5.01392757660167,4.32778996335848,4532,78.899721448468,1112,19.3593314763231,100,1.74094707520891,4532,78.899721448468,309,5.37952646239554,6.51848776041632,4106,71.4832869080779,159.953111333145,5744,86,1.49721448467967,0.278655795144114,843,14.6761838440111,28.0044643008094,60,1.04456824512535,0.241239392044274,0.07414012092546,0.348518731645863,561.588338758008,1.02941620644563,478.732748174181,0.00238939772185782,0.12742652655883,0.574588513267396
"M13",454,6.67156502571638,7.6322474183119,4037,59.3240264511389,2168,31.8589272593681,600,8.81704628949302,4037,59.3240264511389,212,3.11535635562087,3.28793294985617,5161,75.8412931667891,172.346756643157,6805,257,3.77663482733284,1.24342126408802,651,9.56649522409993,13.8874755933444,45,0.661278471711976,0.145486289522673,0.0443184232277972,0.273474881728126,548.262544250551,1.15327412902698,464.001833507839,0.00957119927382405,-0.0283639767461672,0.546180505570656
"M14",540,7.69449985750926,8.9208550456592,4016,57.2242804217726,2289,32.6161299515531,713,10.1595896266743,4016,57.2242804217726,194,2.76432031917925,2.74263448751458,5315,75.7338273012255,173.443913365335,7018,271,3.86149900256483,1.43767413730817,627,8.93416927899686,11.6352405026658,51,0.726702764320319,0.164905662689633,0.0394582841621453,0.260706001534135,545.505377307638,1.17602562542494,458.880532108827,0.0105917881580142,-0.0586435599888717,0.540598308972597
"M15",479,6.90400691842029,7.77081041032139,4135,59.5993081579706,2164,31.1905448255982,639,9.21014701643125,4135,59.5993081579706,216,3.11328913231479,3.36140879368902,5255,75.7422888440472,172.038835374675,6938,245,3.53127702507927,1.21015387096314,672,9.68578841164601,14.0552583223386,45,0.648601902565581,0.141934850603375,0.0446910936160874,0.274041786333266,549.494734837705,1.15273032031583,464.232604755262,0.00936852523383352,-0.0287770435552667,0.545997410827096
"M16",353,5.37290715372907,5.19822468236685,4743,72.1917808219178,1463,22.2678843226788,364,5.54033485540335,4743,72.1917808219178,336,5.11415525114155,6.71671959817023,4732,72.0243531202435,159.588553265593,6570,130,1.97869101978691,0.446049506499851,902,13.7290715372907,27.0788974734246,61,0.928462709284627,0.185934270620732,0.0754978719000273,0.339876091319798,559.381333009132,1.04847354218857,475.183726451233,0.00403901037455432,0.0920519532550577,0.563338981437139
"PR01",221,4.23128470227838,4.17889910269814,4460,85.3915374305954,763,14.6084625694046,0,0,4460,85.3915374305954,306,5.85870189546238,6.02948321918213,3717,71.1659965537048,162.745767051343,5223,49,0.938158146659008,0.1855468090913,784,15.0105303465441,24.9440594185686,120,2.29753015508329,0.810953356492782,0.0711351479976745,0.343020353141512,554.551801021444,1.04029957954601,473.124952249892,0.00183557608579659,0.108968304463512,0.571880577875988
"PR03",248,4.57987072945522,4.33960486347779,4410,81.4404432132964,1005,18.5595567867036,0,0,4410,81.4404432132964,252,4.65373961218837,4.9025599288679,3945,72.8531855955679,166.420301786579,5415,101,1.865189289012,0.378460221800146,739,13.6472760849492,22.1870526977352,104,1.92059095106186,0.654205957466164,0.063907558511428,0.332491248588123,558.28720024506,1.05790075745342,470.76282330629,0.00237302357844413,0.0868545476461513,0.568818117182035
"PR05",229,4.58183273309324,5.08495792124916,3715,74.3297318927571,556,11.124449779912,727,14.5458183273309,3715,74.3297318927571,208,4.16166466586635,4.59082897477889,3770,75.4301720688276,167.657357882636,4998,63,1.26050420168067,0.297344108241675,609,12.1848739495798,20.7154084736202,104,2.08083233293317,0.655378321667063,0.0620736038742178,0.327294276112138,571.800347287515,1.06823874147429,459.349860086216,0.00184450458960888,0.0687055295431058,0.562091393705625
"PR07",278,4.88061797752809,5.0462473307127,4555,79.9683988764045,1141,20.0316011235955,0,0,4555,79.9683988764045,259,4.54705056179775,4.6842798340517,4078,71.5941011235955,165.498931838883,5696,107,1.87851123595506,0.423131944600625,809,14.2029494382022,22.307633382532,129,2.26474719101123,0.755946931990323,0.0670507326228634,0.332264160290109,545.713221924333,1.06277991621397,459.309060023104,0.00272695278195112,0.0743236389279955,0.564461348397975
"PR09",294,5.32319391634981,5.34594824267378,4208,76.1904761904762,1315,23.8095238095238,0,0,4208,76.1904761904762,196,3.54879594423321,4.19401368605193,3980,72.0622849900417,166.332297526639,5523,352,6.37334781821474,1.3746115866523,622,11.2619952924136,20.3386011385012,75,1.35795763172189,0.513347684191037,0.0600247926219902,0.319618086221262,560.848077353974,1.08169188517573,460.632579859835,0.00307983781925489,0.0569055060045288,0.56467893886117
"PR11",259,4.74880821415475,4.59068965844154,4420,81.041437477081,1034,18.958562522919,0,0,4420,81.041437477081,259,4.74880821415475,5.50251454992053,3904,71.5804913824716,163.326051854283,5454,138,2.53025302530253,0.476669302669705,756,13.8613861386139,24.1653050119744,102,1.87018701870187,0.679771108029521,0.0676427092636826,0.338168615652706,554.648482984598,1.04957306146432,464.994896848504,0.00241683022566069,0.101693237457551,0.572007904122372
"PR13",310,5.8667676003028,5.8548665630242,4391,83.0999242997729,844,15.9727479182438,49,0.927327781983346,4391,83.0999242997729,301,5.69644208932627,5.46950212092261,3607,68.2626797880394,162.846751808406,5284,60,1.13550340651022,0.227800757382668,801,15.1589704769114,23.0890081424219,162,3.0658591975776,1.0625566619401,0.0661079470102036,0.331448723551277,535.50693143944,1.05904618437746,453.304313095342,0.00199109929091019,0.0954532099452221,0.574080000277292
"PR15",382,6.48006785411365,5.90578507204784,4422,75.0127226463104,1196,20.2883799830365,277,4.6988973706531,4422,75.0127226463104,287,4.8685326547922,4.7736553034339,4116,69.821882951654,165.133810036226,5895,98,1.66242578456319,0.325470455176671,826,14.0118744698897,21.8871944400028,145,2.45971162001696,0.772711180889718,0.0645429451438599,0.325502119462945,533.415856505852,1.07022157115377,448.508070954334,0.00265762253729008,0.0771411551757723,0.568976416645258
"PR17",218,3.80919098374978,3.17479349993252,4860,84.9204962432291,863,15.0795037567709,0,0,4860,84.9204962432291,325,5.67883976935174,5.93181668181998,4070,71.1165472654203,161.881840181858,5723,48,0.838720950550411,0.142736033173891,871,15.2192905818627,26.7826088962078,146,2.55110955792417,0.888118131944707,0.0697226595227439,0.351583750662621,572.279184225406,1.01460770038346,489.68451728317,0.00175890354922204,0.166363291545658,0.587847140640653
"PR19",588,10.4042754323147,10.1715463314794,8953,155.667709040776,2173,37.6510999643079,368,6.68119099491648,8953,155.667709040776,503,8.78132854656508,7.08845045021007,8369,145.502778087142,341.497553049129,11494,117,2.0140009574507,0.361168819719839,1631,28.3733759309122,37.968014087598,229,3.94157415475131,1.20059295266248,0.0663957062350549,0.321761258331684,545.796884083088,1.08403372747168,465.573036177329,0.00235633470487197,0.0205429966861687,0.548203974716048
"PR21",224,3.85674931129476,3.2510602070124,4759,81.9387052341598,1049,18.0612947658402,0,0,4759,81.9387052341598,258,4.44214876033058,3.95201762188652,4293,73.9152892561984,169.756468644233,5808,60,1.03305785123967,0.195287150591476,817,14.0668044077135,21.239415724177,119,2.04889807162534,0.650251232634968,0.0595008841389911,0.331351849713506,577.098289794594,1.04972716551393,489.264902095794,0.00212670823825067,0.10936225722084,0.576354649009925
"PR23",616,10.0745629267902,10.2377093496353,9034,149.657654162041,2652,43.7355466076834,412,6.60679923027582,9034,149.657654162041,563,9.30753054703334,8.81081540543115,8696,143.841571890054,332.316444948679,12098,131,2.16720732502902,0.404998065579518,1801,29.7789778547823,45.1712462393592,219,3.64691627772311,1.2343450473609,0.0758584568287322,0.333342876326449,540.528120925331,1.06758622882275,463.58348255527,0.00338321303614003,0.0378530603943431,0.547099728268718
"RO2.01",425,5.934925289764,5.23651426465389,5208,72.7272727272727,1731,24.1726015919564,222,3.10012568077084,5208,72.7272727272727,340,4.7479402318112,5.43656037514606,5076,70.8839547549225,163.051491756824,7161,134,1.87124703253736,0.367418621191251,983,13.7271330819718,24.0849867999188,137,1.91314062281804,0.651548379260704,0.0672124652306288,0.333372077040737,566.414665684122,1.05220163458538,481.874311177879,0.00316398547445979,0.100796548791666,0.571282167937659
"RO2.03",446,6.03599945865476,5.0368235962558,5360,72.5402625524428,1771,23.9680606306672,258,3.49167681688997,5360,72.5402625524428,351,4.75030450669915,5.2506233954195,5247,71.0109622411693,163.795389586618,7389,150,2.03004466098254,0.39977487223823,980,13.2629584517526,23.50806478438,150,2.03004466098254,0.735582001177063,0.0649886790687634,0.331289547610432,570.609392206253,1.05069442158635,487.494314429972,0.00302080636727037,0.112364534978826,0.57645667532846
"RO2.05",437,6.13075196408529,5.25203181102567,5405,75.827721661055,1507,21.141975308642,216,3.03030303030303,5405,75.827721661055,332,4.65768799102132,5.24689929590078,5107,71.6470258136925,163.732533375419,7128,130,1.82379349046016,0.377304240969168,927,13.0050505050505,23.4895908430898,143,2.00617283950617,0.704244315405841,0.064657199746998,0.330490968359242,579.800096350449,1.05232803718884,492.986281087177,0.00250257137998751,0.106111955377524,0.575005903881568
"RO2.06",392,5.80998962501853,4.95425773577712,5271,78.1236104935527,1271,18.8380020749963,205,3.03838743145102,5271,78.1236104935527,347,5.14302653030977,5.88545051784233,4780,70.8463020601749,161.771310314069,6747,107,1.58589002519638,0.315178617134233,936,13.8728323699422,25.192143718426,138,2.0453534904402,0.724592187820629,0.0699061003923822,0.33902897370846,571.778047167334,1.04049405869868,488.255045227883,0.00238074902488368,0.118079268730303,0.575269557296765
"RO2.07",427,6.42975455503689,5.71851520531694,5257,79.1597650956181,1281,19.2892636651107,103,1.55097123927119,5257,79.1597650956181,345,5.19500075289866,6.61965527309468,4648,69.9894594187622,159.52013759353,6641,84,1.26486974853185,0.269777739582844,952,14.3351904833609,26.2429590970183,117,1.7617828640265,0.591479504854735,0.075044349118778,0.341489431906407,569.598991160819,1.04594915578931,476.953250518141,0.00249393907225335,0.0938774486176694,0.565928985260798
"RO2.08",389,5.6996336996337,4.64830030767848,5322,77.978021978022,1303,19.0915750915751,200,2.93040293040293,5322,77.978021978022,353,5.17216117216117,5.97847405823798,4846,71.0036630036631,161.874037287817,6825,93,1.36263736263736,0.25413583930088,940,13.7728937728938,25.376970689759,144,2.10989010989011,0.731393909625098,0.0704357147734938,0.341356397785681,573.758586417289,1.03728058156557,487.166989864681,0.00220641853662416,0.121550005858934,0.575668596519329
"RO2.09",333,5.52880624273618,5.26971589551964,4898,81.3216005312967,1082,17.9644695334551,43,0.713929935248215,4898,81.3216005312967,381,6.32575128673419,8.34773188216405,4113,68.2882284575793,155.134713235487,6023,68,1.12900547899718,0.208528979169029,944,15.6732525319608,29.2210542161924,120,1.99236260999502,0.710927322811925,0.0845549692526511,0.35364069813757,552.971526235431,1.03025326397237,463.825136527736,0.0021935028753121,0.110271396263841,0.566908527434433
"RO2.10",393,6.02483519852828,4.95462924297584,4981,76.360570289744,1278,19.5922121723134,264,4.04721753794266,4981,76.360570289744,332,5.08968266135214,6.03140611590495,4582,70.2437528744443,161.08083237342,6523,91,1.39506362103327,0.272374501699643,920,14.1039399049517,25.7055340745228,139,2.13092135520467,0.76113044253522,0.0689238604670999,0.33997408144503,557.673755283458,1.04086216144797,474.907769189938,0.00245791166225246,0.121135726747863,0.576654394045102
"RO2.11",410,5.33021320852834,4.23725700635796,5478,71.216848673947,1947,25.3120124804992,267,3.47113884555382,5478,71.216848673947,360,4.6801872074883,5.32805004776622,5538,71.996879875195,163.604707946326,7692,109,1.41705668226729,0.283745456081532,1046,13.5985439417577,24.4856826437342,156,2.02808112324493,0.813512748873028,0.0655475851922064,0.336257216070995,575.176782965939,1.03788907707955,495.21019333411,0.00341599271061736,0.137762345329899,0.582210873151506
"RO2.12",385,5.65428109854604,4.60183630697036,4969,72.9769422822735,1588,23.3220737259509,252,3.70098399177559,4969,72.9769422822735,334,4.90527243354384,5.79403354480804,4800,70.4949331766779,161.993894535191,6809,117,1.71831399618152,0.321797926784111,957,14.0549273021002,25.1834938276182,146,2.14422088412396,0.811558659136345,0.0676661836791854,0.337747977584587,559.47973241357,1.03986741077788,477.519362676129,0.00291242500371148,0.133068475978887,0.581573796303212
"RO2.13",350,5.31430306711205,4.84045365566938,5182,78.6820528393562,1261,19.1466747646523,143,2.1712723959915,5182,78.6820528393562,389,5.90646826601883,7.63864712024023,4588,69.6629213483146,157.372782595534,6586,97,1.47282113574248,0.268186231816134,966,14.6674764652293,27.9745348084151,127,1.92833282720923,0.725580232517429,0.0808199713008853,0.349667114205668,566.913150089736,1.02928750364498,476.852173157045,0.00246595558441949,0.121754597044003,0.571424176256423
"RO2.15",366,5.047579644187,4.03188006902787,5506,75.9343538822231,1546,21.3211970762653,199,2.74444904151152,5506,75.9343538822231,426,5.87505171700455,7.65542872007014,5093,70.2385877809957,156.991579430274,7251,74,1.0205488898083,0.187857413714279,1095,15.1013653289201,29.5474808554507,120,1.65494414563509,0.607960618499876,0.0847313746764607,0.355699951809023,572.411038009654,1.01655866846098,492.444778687412,0.00256718458783812,0.135862599479224,0.571959027804277
"RO2.16",346,4.66433000808843,3.91665782926658,5557,74.9123753033163,1750,23.5912644917768,111,1.49636020490698,5557,74.9123753033163,408,5.50013480722567,6.92303336280799,5279,71.1647344297654,159.177135051645,7418,100,1.34807225667296,0.251874055438268,1085,14.6265839849016,28.1118251957495,120,1.61768670800755,0.597603829149786,0.0804202242410007,0.350548117595197,574.695094088973,1.02426396796303,493.592392655652,0.00309105277750833,0.128235685817855,0.571449147833798
"RO2.17",342,5.00952101948147,4.20264792655734,5238,76.7247692983741,1489,21.8104584737073,100,1.46477222791856,5238,76.7247692983741,409,5.9909184121869,7.58223567666755,4742,69.4594990478981,157.243703476029,6827,75,1.09857917093892,0.193787666644274,1061,15.5412333382159,29.218726275018,115,1.68448806210635,0.58426204895502,0.0840771682416738,0.354084972302135,560.908059152336,1.02120474782931,484.460979580055,0.00279561024631062,0.12936409565459,0.570865095849801
"RO2.18",354,5.30257639304973,4.32050556556772,4949,74.1312162971839,1528,22.8879568603954,199,2.98082684242061,4949,74.1312162971839,368,5.5122828040743,6.8501969107492,4705,70.4763331336129,158.932094747708,6676,75,1.12342720191732,0.203686636229304,988,14.7992810065908,28.058265512816,122,1.8274415817855,0.639454217060948,0.0775393118971065,0.349026991836383,556.585973047484,1.02573287554101,483.994727196696,0.00300036311964554,0.135269267403657,0.575559351887183
"RO2.19",361,5.22582513028373,4.49195459721013,5245,75.9264620729589,1513,21.9021424435437,150,2.17139548349739,5245,75.9264620729589,395,5.71800810654314,7.10639252765657,4812,69.6583671105964,157.948104183259,6908,91,1.31731325998842,0.228509260559319,1055,15.2721482339317,28.5892655163285,120,1.73711638679792,0.61609041323156,0.0823582508651708,0.350631803548705,559.89812038231,1.02782697071692,480.057570742406,0.0028757666666946,0.120655448807163,0.569570848726576
"RO2.20",351,4.90360435875943,4.08421322113362,5370,75.0209555741827,1583,22.1151159541771,205,2.86392847164012,5370,75.0209555741827,446,6.23079072366583,7.6506939042028,4907,68.5526683431126,156.906219336979,7158,66,0.922045264040235,0.161642503988268,1141,15.9402067616653,29.2686009883888,149,2.08158703548477,0.768412459213808,0.0831120280551639,0.356266678203271,558.659136948868,1.0147983396678,484.068175802875,0.0028099485229378,0.14695611745418,0.576236972395696
"RO2.21",308,4.95734749718333,4.64695359082511,4982,80.1867052953485,1184,19.0568163528086,47,0.75647835184291,4982,80.1867052953485,397,6.38982778046033,8.32911139022661,4257,68.5176243360696,155.156499410214,6213,53,0.853050056333494,0.132769214295752,1019,16.4010944793176,30.4089519089366,106,1.70610011266699,0.500231821188908,0.090782291642205,0.359610232323908,552.292473866087,1.02107704347327,474.647358430605,0.00227715439104917,0.110936304065153,0.562465285837865
"RO2.22",303,4.8087605142041,4.4162335324968,5157,81.8441517219489,1144,18.1558482780511,0,0,5157,81.8441517219489,389,6.17362323440724,7.80864747368815,4390,69.6714807173465,156.698434478742,6301,55,0.872877321060149,0.147690689355367,997,15.8228852563085,29.6537570857252,98,1.55530868116172,0.473201649478883,0.0869997539110648,0.356970951039519,566.062661349786,1.02237853271216,484.183988667396,0.0020904467126051,0.112944170013454,0.564525681293832
"RO2.22-r2",566,8.93026191227516,12.3232941813303,4555,71.8680971915431,1370,21.6156516251183,413,6.51625118333859,4555,71.8680971915431,331,5.2224676554118,7.4214384611495,4279,67.5134111707163,153.327086593491,6338,74,1.16756074471442,0.169959370622033,924,14.5787314610287,25.663524162735,75,1.18333859261597,0.346054231041991,0.098651578302323,0.331806537380296,503.049587493531,1.10554702222127,411.342913940333,0.00354181041157803,-0.0723329426588374,0.510373575846558
"RO2.23",355,5.04476339349155,4.04880998261149,5168,73.4403865283502,1669,23.7174932499645,200,2.84212022168538,5168,73.4403865283502,389,5.52792383117806,6.89309798844839,4949,70.3282648856046,158.812969483031,7037,82,1.165269290891,0.198714636993323,1045,14.8500781583061,28.2775081062597,134,1.9042205485292,0.689769543128035,0.078816887396164,0.350709191167087,563.201365894131,1.02223381042828,485.614349422019,0.00304283577787466,0.140754450231693,0.576522762473279
"RO2.24",290,4.32835820895522,3.6592174190761,5195,77.5373134328358,1460,21.7910447761194,45,0.671641791044776,5195,77.5373134328358,412,6.14925373134328,7.27479797248618,4656,69.4925373134328,157.950648409421,6700,65,0.970149253731343,0.159725313152702,1076,16.0597014925373,29.3272123279622,127,1.8955223880597,0.6483194860307,0.0821680845066811,0.356268596207547,563.144236629851,1.0143523878429,491.987369978014,0.00269702977998439,0.143750054955913,0.574920445414743
"RO2.25",348,4.74243663123467,3.81716783869661,5450,74.270918506405,1670,22.7582447533388,218,2.9708367402562,5450,74.270918506405,417,5.68274734260016,7.18858815152713,5204,70.918506405015,157.896592667962,7338,68,0.92668301989643,0.155056538226864,1110,15.1267375306623,29.578504074335,116,1.58081221041155,0.520062364675352,0.0830851316514629,0.356270318082532,569.917849780458,1.01606633191485,493.551695110415,0.00287791944905132,0.135531608027853,0.571079402964546
"RO2.26",272,4.43574690150033,3.84268658615242,5108,83.3007175472929,1024,16.6992824527071,0,0,5108,83.3007175472929,414,6.75146771037182,8.5089775358065,4257,69.4227005870841,154.888126680927,6132,48,0.782778864970646,0.119080848665626,991,16.1611219830398,31.3999710602686,95,1.54924983692107,0.484926518902541,0.092721238654529,0.364124382877998,566.211096109426,1.01137416021535,484.895317342434,0.00188986652476893,0.1213251913447,0.563514875992798
"RO2.27",320,4.6289599305656,4.01157781129979,5421,78.4174743237379,1492,21.5825256762621,0,0,5421,78.4174743237379,385,5.56921741646174,7.17370541395882,4914,71.083465933748,158.047924512316,6913,70,1.01258498481123,0.161728490985537,1044,15.1019817734703,29.1623298449864,111,1.60567047591495,0.557791368562072,0.0816204481121816,0.354255487649175,580.920459150297,1.01994449482322,494.372241814534,0.00268351569446676,0.129358957713507,0.57062645272659
"RO2.28",304,4.42632498543972,3.72070470163338,5222,76.0337798485731,1540,22.422830518346,106,1.54338963308096,5222,76.0337798485731,394,5.7367501456028,7.12051628928347,4846,70.5591147350029,158.421593729568,6868,78,1.13570180547467,0.188925321628775,1034,15.055329062318,28.6958489925264,129,1.8782760629004,0.73417694864098,0.0785206202472574,0.353155902370633,569.623551718259,1.0166585805379,485.483716337781,0.00295368257574807,0.152586926203729,0.579998543571135
"RO2.29",294,4.48786444817585,3.80425447676624,5053,77.1332620973897,1450,22.1340253396428,48,0.732712562967486,5053,77.1332620973897,373,5.69378720805984,7.22629987705458,4621,70.5388490306823,158.101828003547,6551,70,1.06853915432758,0.16449051697884,992,15.1427263013281,29.0138928230006,122,1.86231109754236,0.665612668222461,0.0804824971435003,0.35427547614645,565.202938107007,1.01803490229252,481.509818816562,0.00302920336112663,0.143928336651463,0.576323205493805
"T15",205,4.02750491159135,3.38003660527508,4235,83.2023575638507,855,16.7976424361493,0,0,4235,83.2023575638507,353,6.93516699410609,7.79267863579297,3446,67.7013752455796,157.627019449881,5090,35,0.68762278978389,0.0989967720771062,858,16.8565815324165,29.0174443996895,134,2.63261296660118,0.894913131529158,0.0796045782165194,0.358919319297782,538.451355072102,1.00974215078831,465.310893252204,0.00211012563846609,0.16470682058281,0.584059297227786
"T16",211,4.07335907335907,3.14315255728262,4374,84.4401544401544,806,15.5598455598456,0,0,4374,84.4401544401544,350,6.75675675675676,7.13937804158269,3551,68.5521235521236,158.731564549377,5180,42,0.810810810810811,0.115291773673942,856,16.5250965250965,28.9327416370351,130,2.5096525096525,0.84802930108788,0.0768084719031943,0.357959069028593,547.583497346911,1.00779214462927,473.80310838967,0.00170417335302014,0.171074517253795,0.586877070911927
"T17",197,4.17461326552236,4.07967767761996,3487,73.8927738927739,706,14.9607967789786,526,11.1464293282475,3487,73.8927738927739,320,6.7810976901886,8.12406348096492,3288,69.6757787666878,157.219405529535,4719,50,1.05954651409197,0.180315746044402,681,14.4310235219326,27.5032170087048,137,2.90315744861199,1.278724009962,0.0794360771149378,0.351772568093888,541.044462590803,1.02375248204102,449.761390684965,0.00209499785107686,0.145418737296917,0.579315940627103
"T18",212,4.28023420149405,3.48364559998332,4279,86.392085604684,674,13.607914395316,0,0,4279,86.392085604684,336,6.78376741368867,8.09252041002693,3407,68.7865939834444,157.14300886392,4953,28,0.565313951140723,0.0712532712442775,806,16.2729658792651,29.535499642132,112,2.26125580456289,0.720450335747676,0.0854264913591636,0.362767415816788,543.658706501514,1.01190894580632,454.222598232102,0.00168025996060333,0.143278634883478,0.575073400403918
"T20",247,4.43287867910983,3.89165040652533,4636,83.2017229002154,936,16.7982770997846,0,0,4636,83.2017229002154,354,6.35319454414932,6.90321924189704,3841,68.9339554917444,160.921168752612,5572,47,0.843503230437904,0.128439716469706,924,16.5829145728643,26.7770405769446,113,2.02799712849964,0.56489935662861,0.0849606275103751,0.351760234490871,542.980155078248,1.03510212263531,465.61569425065,0.00195803307184471,0.087602264349221,0.558415143884408
"T30",230,3.70131960090119,3.13144274258916,5112,82.2658513035082,1102,17.7341486964918,0,0,5112,82.2658513035082,417,6.71065336337303,8.09064995438935,4333,69.7296427421951,157.704318612932,6214,44,0.708078532346315,0.111946486615423,1018,16.382362407467,29.6078114546411,107,1.7219182491149,0.540519781014876,0.0898414179368687,0.362288381303343,563.875363389282,1.01138575915229,476.756604324668,0.00234593047582411,0.132575410479498,0.56846168910208
"WELL1",230,3.2908856774932,3.47375019644688,3952,56.5460008584919,2637,37.7307197023895,400,5.72327943911862,3952,56.5460008584919,173,2.4753183574188,2.5614262836837,5414,77.4645872084705,174.516647230614,6989,95,1.35927886679067,0.406499865622435,969,13.8646444412648,18.2019775549037,3,0.0429245957933896,0.00754979042116217,0.0767877511678889,0.314117922058729,546.093966517814,1.11746255121172,466.16660638601,0.00983381702540249,-0.0774141341532464,0.504234389286176
"WELL2",182,3.91987938832652,2.61388929668344,3685,79.3667887141934,731,15.7441309498169,227,4.88908033598966,3685,79.3667887141934,8,0.172302390695671,0.046448903878347,4102,88.3480508292053,192.965097932084,4643,27,0.581520568597889,0.0903366194265221,297,6.39672625457678,3.97782304220586,27,0.581520568597889,0.108033793147761,0.0307233379867092,0.269033936044083,580.446193823605,1.16414787269463,490.982092687874,0.00188973151282449,-0.0898558113807981,0.533710027182157
"WELL3",198,5.26595744680851,4.27101581101832,2608,69.3617021276596,1001,26.6223404255319,151,4.01595744680851,2608,69.3617021276596,0,0,0,3323,88.3776595744681,191.672330307375,3760,145,3.8563829787234,1.40944862122802,84,2.23404255319149,1.13722969936339,10,0.265957446808511,0.0502634698933654,0.038493789035667,0.250947182285314,576.068621690426,1.23644029858243,494.491209821614,0.00459092956177297,-0.292472718267905,0.464425830330574
"WELL4",305,4.76339215992504,3.6517921217824,4918,76.8077463688896,1227,19.1628923941902,258,4.02936123692019,4918,76.8077463688896,258,4.02936123692019,4.11771985107615,4780,74.6525066375136,168.306823516224,6403,66,1.03076682804935,0.216447329580024,839,13.1032328595971,21.6020736294392,122,1.90535686397002,0.900733842891134,0.0612669728593707,0.330359590286338,571.893805916133,1.04404173353758,492.912255209482,0.00261627968289314,0.131965958530332,0.58347318674039
